the	36065
and	17508
of	16697
to	15708
that	11226
in	10736
it	10628
he	10215
was	9833
you	9323
his	7832
is	6634
had	6049
have	5518
my	5265
with	5247
as	4752
for	4695
at	4615
which	4269
but	4088
we	4047
me	3723
not	3711
be	3533
this	3515
him	3280
there	3212
said	3103
holmes	2911
from	2909
on	2750
no	2745
upon	2585
one	2543
so	2510
been	2399
all	2399
were	2329
an	2291
what	2266
her	2239
by	2221
your	2216
would	2193
man	2126
are	2123
if	2048
she	2039
very	1971
could	1891
when	1873
out	1841
will	1813
some	1763
mr	1731
then	1731
our	1708
has	1687
who	1682
up	1647
do	1582
they	1576
us	1527
well	1467
into	1462
can	1366
see	1362
now	1359
or	1344
more	1247
them	1246
should	1246
down	1231
may	1155
only	1080
before	1072
about	1069
come	1068
over	1065
know	1064
little	1035
watson	1028
sir	1022
am	1007
did	1004
two	982
time	975
here	973
how	936
any	933
must	923
face	910
came	892
think	884
than	874
other	868
back	856
way	834
house	830
room	821
never	767
their	758
nothing	754
door	752
last	747
where	746
say	743
own	736
hand	709
case	708
might	701
such	686
good	683
after	669
shall	651
night	648
made	645
these	643
found	643
long	642
eyes	640
first	637
yes	632
old	629
tell	626
like	624
much	623
just	601
heard	590
matter	589
go	587
left	584
through	583
most	582
saw	577
yet	575
once	563
get	557
however	551
thought	547
why	547
away	535
take	533
again	532
make	526
find	517
asked	517
friend	516
morning	513
himself	507
round	505
cried	501
great	500
day	488
every	487
done	471
took	470
off	467
don't	467
young	466
still	466
window	461
until	459
give	459
its	458
let	457
too	454
head	441
something	438
hands	435
three	435
name	433
ever	428
right	425
small	425
put	424
life	421
look	421
seen	420
same	420
myself	415
those	414
place	414
street	413
got	412
sherlock	409
quite	408
light	405
without	404
mind	402
few	401
looked	401
enough	399
far	398
it's	391
side	388
turned	388
woman	386
seemed	383
knew	381
against	380
end	380
course	371
london	370
even	368
clear	359
told	355
lady	354
between	351
doubt	351
though	348
dear	345
men	337
anything	335
went	330
open	328
certainly	327
since	326
under	326
work	323
rather	322
while	319
answered	316
whole	316
thing	316
moment	313
always	311
dr	308
behind	307
years	307
word	305
mrs	304
lay	303
also	303
business	302
hardly	299
sure	298
evening	298
together	296
help	296
gone	295
miss	294
paper	293
both	293
police	293
brought	293
instant	293
stood	292
gave	291
sat	291
dark	290
being	287
leave	287
fellow	287
within	285
wife	284
already	284
death	281
passed	280
many	279
point	279
whom	277
table	276
taken	276
cannot	269
indeed	265
perhaps	265
strange	265
black	264
ask	263
hour	263
better	261
another	260
each	259
across	258
i'll	257
words	256
read	255
inspector	252
chair	252
papers	252
understand	252
having	251
really	250
possible	247
does	246
hear	246
half	245
days	242
dead	239
heart	234
lestrade	234
set	234
letter	233
among	232
oh	232
front	231
hope	229
that's	229
hall	227
next	227
crime	227
large	224
road	223
voice	223
fear	222
part	221
want	218
white	217
new	217
father	216
things	216
opened	216
reason	216
best	214
suddenly	214
going	213
held	212
save	207
country	206
interest	206
facts	206
five	205
feet	204
remember	204
question	203
known	203
second	200
brother	200
mcmurdo	198
yourself	198
showed	198
looking	197
because	196
companion	196
followed	195
home	195
else	194
story	193
poor	193
none	192
moor	192
able	191
remarked	190
body	190
seems	189
during	187
suppose	186
keep	186
coming	186
note	186
chance	186
world	185
met	185
answer	184
entered	184
either	183
returned	183
exactly	181
wish	181
spoke	181
minutes	180
several	180
surely	180
least	180
people	179
use	179
person	179
soon	177
believe	176
gentleman	176
call	176
given	174
towards	174
nor	174
walked	174
fact	174
less	173
ran	172
reached	172
ah	172
remarkable	172
later	172
hard	172
money	172
short	171
led	169
appeared	169
pocket	169
idea	168
struck	165
henry	165
above	165
late	163
outside	163
lost	163
along	162
true	161
turn	161
used	161
doctor	161
mean	161
therefore	160
high	160
past	160
four	159
bring	159
cab	159
near	158
man's	158
certain	158
show	157
murder	157
colonel	157
corner	157
account	156
secret	156
called	155
husband	155
'i	155
ten	155
train	153
manner	153
o'clock	153
whether	152
alone	152
heavy	151
i've	151
bed	151
family	150
whose	150
can't	149
close	148
air	148
sent	148
order	148
beside	148
need	147
deep	147
strong	147
fire	147
present	146
singular	146
blood	146
everything	145
ready	145
evidence	145
line	144
hundred	144
danger	144
sprang	144
full	143
means	143
lodge	143
occurred	143
floor	142
attention	142
year	141
truth	141
seem	141
station	141
felt	141
step	141
i'm	140
terrible	139
anyone	139
ago	138
figure	138
fresh	138
doing	138
there's	137
son	137
box	137
england	137
sound	137
return	137
girl	137
kept	136
lord	136
curious	136
position	136
standing	136
surprise	135
study	135
forward	135
baker	134
rest	134
speak	134
sort	133
glad	133
direction	132
sight	131
imagine	131
others	131
excellent	131
mystery	130
john	130
began	129
rose	128
likely	128
nature	128
lips	128
features	127
ourselves	127
thank	127
rushed	126
drawn	126
carried	126
happened	126
client	126
affair	125
cut	125
fell	125
finally	125
path	125
possibly	124
week	124
laid	124
six	124
cold	124
nearly	123
boy	123
examined	123
waiting	122
god	122
sign	122
ground	122
cases	122
problem	122
threw	121
comes	121
stand	121
garden	121
rooms	121
love	121
red	121
fashion	120
town	120
ring	119
entirely	119
importance	119
stone	119
silence	119
walk	119
sudden	118
water	118
observed	118
points	118
someone	118
presence	117
mortimer	117
drew	117
to-morrow	117
hold	117
quick	117
hours	117
expression	117
bad	117
criminal	116
drive	116
wait	116
shot	115
taking	115
visitor	115
holmes's	115
wall	115
inside	115
news	115
letters	114
hair	114
talk	114
key	114
cry	114
visit	113
clearly	113
safe	113
baskerville	113
mine	113
impossible	113
deal	112
smile	112
thin	111
times	111
won't	111
complete	111
closed	111
master	111
appearance	110
broken	110
detective	110
bedroom	110
trouble	109
steps	109
kind	109
caught	109
carriage	109
dog	109
douglas	109
extraordinary	108
address	108
afterwards	108
feel	108
knowledge	108
started	108
object	107
silent	107
became	107
meet	107
lamp	107
office	106
tall	106
follow	106
glanced	106
hotel	105
early	105
surprised	105
passage	105
professor	105
james	104
learned	104
tried	104
to-night	104
gentlemen	104
further	104
public	104
yesterday	103
low	103
eye	103
evidently	103
view	103
easy	103
message	103
friends	102
care	102
pass	102
run	102
raised	102
st	102
obvious	102
horse	102
shoulders	102
aware	101
interesting	101
absolutely	101
law	101
pipe	100
leaving	100
dangerous	100
start	100
you'll	99
yard	99
'you	99
windows	99
impression	99
shown	99
almost	98
quiet	98
details	98
beyond	98
itself	98
often	98
lived	97
shook	97
married	97
seven	97
track	97
broke	97
important	97
effect	96
creature	96
fine	96
investigation	96
explanation	96
character	96
trust	96
expect	96
died	96
drove	95
wanted	95
wrong	95
broad	95
foot	95
state	95
slowly	95
knows	95
clue	94
charles	94
placed	94
fancy	94
mark	94
power	94
whatever	94
waited	94
probably	94
tragedy	93
simple	93
neither	93
sharp	93
hat	93
third	93
picked	93
maid	93
child	93
glance	92
horror	92
scene	92
live	92
difficulty	92
considerable	91
months	91
become	91
information	91
guess	90
private	90
events	90
written	90
straight	90
mcginty	90
book	90
making	89
lying	89
yours	89
continued	89
daughter	89
company	89
centre	89
sake	88
hurried	88
dreadful	88
difficult	88
change	88
handed	88
lie	87
pray	87
theory	87
serious	87
telegram	87
glass	87
miles	87
american	87
mouth	86
cause	86
remained	86
shoulder	86
single	86
situation	86
turning	86
confess	86
arms	86
pale	85
opinion	85
send	85
advice	85
listened	85
he's	85
stapleton	85
breakfast	85
experience	85
darkness	84
earth	84
human	84
pulled	84
try	84
common	84
arm	84
empty	83
quarter	83
shadow	83
hound	83
number	83
questions	83
yellow	83
received	83
prove	82
pretty	82
getting	82
action	82
revolver	82
arrived	82
expected	82
stick	82
assure	82
game	82
barker	82
explain	82
says	82
bell	82
beautiful	81
different	81
play	80
notice	80
touch	80
treasure	80
age	80
incident	80
reach	80
adventure	79
square	79
promise	79
english	79
mere	79
themselves	78
fate	78
top	78
sister	78
dropped	78
happy	78
sitting	78
worth	78
carefully	78
report	78
laughed	78
wild	78
usual	78
break	78
dressed	77
perfectly	77
marriage	77
brown	77
big	77
sit	76
wrote	76
city	76
spent	76
afraid	76
explained	76
chapter	76
watch	76
west	76
force	75
huge	75
journey	75
thick	75
to-day	75
unless	75
engaged	75
writing	74
blow	74
sometimes	74
dare	74
easily	74
twice	74
amazement	74
feeling	74
particular	73
jack	73
soul	73
didn't	73
blue	73
trace	73
matters	73
sorry	73
wished	73
real	73
confidence	73
hopkins	73
throw	72
signs	72
weeks	72
observe	72
seated	72
bit	72
lit	71
conversation	71
gregson	71
pushed	71
write	71
card	71
plans	71
minute	71
appear	70
missing	70
mother	70
act	70
somewhat	70
herself	70
distance	70
couple	70
running	70
service	70
carry	70
fall	69
stared	69
pay	69
moved	69
energy	69
pointed	69
barrymore	69
convinced	69
caused	69
thousand	69
knife	68
smiled	68
practical	68
official	68
duty	68
inquiry	68
gold	68
butler	68
living	68
boots	68
marks	68
besides	68
appears	68
secretary	68
suggest	68
marked	68
stranger	68
lies	67
afternoon	67
charge	67
sholto	67
natural	67
evident	67
connection	67
stopped	67
nervous	67
determined	67
goes	66
purpose	66
south	66
result	66
value	66
wonder	66
example	66
occasion	66
gate	65
thrown	65
i'd	65
smith	65
following	65
swear	65
iron	65
seeing	65
learn	65
lead	65
formed	65
godfrey	65
admit	65
gray	65
scotland	65
proved	65
conclusion	65
examination	65
pounds	64
society	64
stairs	64
free	64
excuse	64
suggested	64
pair	64
thoughts	64
consider	64
alarm	64
keen	64
valley	64
future	64
candle	64
subject	64
monday	64
general	64
ears	64
twenty	63
escape	63
loved	63
beard	63
kindly	63
cross	63
houses	63
desire	63
fairly	63
servants	63
arrest	63
latter	63
worse	63
queer	63
lives	63
prisoner	63
lonely	63
bright	63
lad	63
sleep	62
yards	62
working	62
walking	62
finished	62
narrative	62
twelve	62
ways	62
circumstances	62
murderer	62
burst	62
edge	62
rich	62
reading	62
staring	62
putting	62
attempt	62
powers	62
longer	62
roof	61
woman's	61
stair	61
horrible	61
statement	61
evil	61
remains	61
paid	61
sitting-room	60
women	60
form	60
nine	60
necessary	60
morstan	60
hudson	60
locked	60
devil	60
opposite	60
picture	60
smiling	60
actually	60
harm	60
lane	60
bound	60
draw	60
spot	60
mad	59
bear	59
servant	59
undoubtedly	59
dress	59
middle	59
methods	59
thinking	59
finding	59
you've	59
instantly	59
remain	59
bicycle	59
beg	59
unfortunate	59
maybe	59
bridge	58
professional	58
cleared	58
inquiries	58
folk	58
meant	58
green	58
'it	58
lower	58
brain	58
justice	58
interview	58
captain	58
medical	58
coat	58
ferrier	58
date	58
naturally	57
please	57
seldom	57
sheet	57
astonishment	57
colour	57
guard	57
america	57
practice	57
feared	56
hung	56
bottom	56
memory	56
rising	56
fallen	56
covered	56
discovered	56
building	56
sense	56
weapon	56
wood	56
swiftly	56
forever	56
solution	56
village	55
clothes	55
watched	55
catch	55
german	55
violence	55
peculiar	55
appointment	55
killed	55
famous	55
job	55
fair	55
forced	55
traces	54
suspicion	54
passing	54
cigar	54
shut	54
telling	54
prepared	54
eager	54
added	54
wooden	54
absolute	54
search	54
stay	54
fit	54
strength	54
anyhow	54
fierce	54
nerves	54
finger	54
knowing	54
nose	53
mycroft	53
slip	53
deeply	53
drebber	53
lock	53
sergeant	53
driven	53
warning	53
interested	53
simply	53
concerned	53
piece	53
advertisement	53
fixed	53
vague	53
approached	53
eight	53
terror	53
wire	53
sank	53
glimpse	52
slipped	52
heavily	52
asking	52
excitement	52
affairs	52
wind	52
acquaintance	52
stop	52
you're	52
move	52
robert	52
quietly	52
lawn	52
'the	52
children	52
below	52
hill	52
leaned	52
except	52
seized	52
neck	52
grave	52
seat	52
chain	52
narrow	52
spring	52
named	52
jones	52
mary	51
household	51
sun	51
photograph	51
murdered	51
excited	51
results	51
farther	51
we'll	51
honour	51
loose	51
frightened	51
smoke	51
what's	51
ordinary	51
plain	51
sinister	51
ended	51
fortune	51
dull	51
local	51
anxious	50
weak	50
friend's	50
possession	50
moriarty	50
laughing	50
envelope	50
throat	50
baldwin	50
luck	50
thrust	50
innocent	50
exceedingly	50
glancing	50
angry	50
agent	50
prevent	50
match	50
failed	50
month	50
familiar	50
remark	50
unusual	49
lines	49
disappeared	49
heels	49
committed	49
notes	49
understood	49
savage	49
claim	49
effort	49
grey	49
habits	49
dinner	49
victim	49
escaped	49
mason	49
saying	49
handsome	49
share	49
glasses	49
trying	49
sunk	49
elderly	49
weary	49
cottage	49
anger	49
faces	48
instead	48
assistance	48
judge	48
scent	48
figures	48
page	48
examine	48
eleven	48
talking	48
bearing	48
pleasure	48
county	48
british	48
fingers	48
silver	48
career	48
lady's	47
slight	47
baronet	47
meaning	47
alive	47
filled	47
arrested	47
wonderful	47
th	47
pistol	47
blind	47
rapidly	47
knees	47
document	47
shrugged	47
presume	47
forget	47
correct	46
von	46
whispered	46
reputation	46
shining	46
mentioned	46
usually	46
settled	46
hoped	46
mistake	46
false	46
stretched	46
stepped	46
delicate	46
grounds	46
begin	46
ha	46
trees	46
laugh	46
count	46
hot	46
king	46
recovered	45
rough	45
wedding	45
suit	45
sum	45
contrary	45
beneath	45
giving	45
imagined	45
firm	45
sooner	45
lose	45
perceive	45
beginning	45
served	45
fifty	45
probable	45
valuable	45
scandal	45
witness	45
stangerson	45
retired	44
ones	44
horses	44
tobacco	44
disappearance	44
worn	44
park	44
lantern	44
assured	44
needed	44
rise	44
ferguson	44
moving	44
breath	44
spoken	44
upper	44
presently	44
fail	44
leaning	44
mysterious	44
noticed	44
price	44
record	44
trap	44
main	44
bird	44
busy	44
guilty	44
cunning	44
allow	44
connected	44
books	44
thirty	43
drink	43
intention	43
north	43
special	43
conduct	43
amid	43
makes	43
upstairs	43
description	43
occasionally	43
holding	43
opening	43
personal	43
played	43
wound	43
court	43
suspicions	43
forehead	43
conscious	43
due	43
post	43
hunter	43
frank	43
definite	43
speaking	42
drop	42
double	42
concealed	42
shortly	42
remembered	42
essential	42
dozen	42
habit	42
around	42
bank	42
formidable	42
land	42
allowed	42
task	41
father's	41
indian	41
hopes	41
boat	41
exact	41
meanwhile	41
inn	41
sofa	41
walls	41
test	41
conceal	41
quickly	41
apparently	41
knocked	41
corridor	41
eagerly	41
club	41
reasoning	41
burned	41
grace	41
spite	41
unknown	41
hurry	41
fog	41
utmost	41
wants	41
although	41
shock	41
takes	41
central	41
grew	41
influence	41
chicago	41
river	41
success	41
madam	41
curtain	40
thus	40
'and	40
names	40
kitchen	40
chin	40
ill	40
joy	40
patient	40
smell	40
gun	40
pleasant	40
reasons	40
realize	40
history	40
cards	40
changed	40
jefferson	40
curiosity	40
devoted	40
arranged	40
flushed	40
somewhere	40
perfect	40
listen	40
'well	40
loud	40
powerful	40
shaken	40
simon	40
worst	40
motive	40
quarters	40
capable	40
welcome	40
credit	40
bowed	40
beat	39
suggestive	39
housekeeper	39
rain	39
couldn't	39
food	39
circle	39
advantage	39
macdonald	39
hurt	39
original	39
cover	39
produced	39
french	39
grass	39
immediately	39
watching	39
gives	39
useful	39
parts	39
phelps	39
vanished	39
gang	39
loss	39
shone	39
wilson	39
enter	39
satisfaction	39
shaking	39
observation	39
greatest	38
difficulties	38
legs	38
smoking	38
fastened	38
bore	38
mistaken	38
leading	38
guide	38
terms	38
spare	38
estate	38
brow	38
aid	38
'what	38
carpet	38
attack	38
described	38
chamber	38
existence	38
constable	38
dying	38
pick	38
adventures	38
otherwise	38
succeeded	38
saved	37
contents	37
shows	37
weight	37
places	37
arthur	37
unexpected	37
beauty	37
reply	37
helped	37
worked	37
shape	37
pain	37
careful	37
collection	37
morris	37
gloom	37
bennett	37
detail	37
raise	37
cast	37
scattered	37
manager	37
equally	37
final	37
wore	37
painful	37
god's	37
violent	37
cheeks	37
bodymaster	37
villain	37
relations	37
looks	37
especially	37
die	37
absurd	36
mistress	36
furnished	36
satisfied	36
uncle	36
joseph	36
emotion	36
war	36
ship	36
extreme	36
major	36
property	36
presented	36
clean	36
removed	36
unable	36
profession	36
heaven	36
east	36
eyebrows	36
thaddeus	36
duke	36
hut	36
tregennis	36
boss	36
school	36
district	36
sea	36
refused	36
deadly	36
touched	36
proof	36
good-bye	36
printed	36
flight	35
absence	35
brixton	35
obviously	35
vain	35
gazed	35
brows	35
mantelpiece	35
clever	35
stands	35
youth	35
dry	35
soft	35
theories	35
armchair	35
drawing	35
ancient	35
repeated	35
breast	35
throwing	35
wouldn't	35
strike	35
heavens	35
emerged	35
add	35
streets	35
heads	35
doors	35
inner	35
acted	35
torn	35
mile	35
pointing	34
chief	34
bag	34
active	34
utterly	34
completely	34
gleam	34
bork	34
size	34
height	34
beast	34
bundle	34
employer	34
rucastle	34
health	34
rang	34
owe	34
distant	34
precious	34
peace	34
intended	34
norwood	34
chest	34
nearer	34
safety	34
managed	34
ear	34
compelled	33
fool	33
hanging	33
bust	33
stables	33
series	33
length	33
commonplace	33
despair	33
dressing-gown	33
patience	33
offer	33
launch	33
material	33
ettie	33
manor	33
merely	33
alert	33
scott	33
peter	33
mountains	33
hole	33
proud	33
quarrel	33
ames	33
straker	33
mccarthy	33
aside	33
younger	33
extremely	33
handle	33
thumb	33
deduction	33
gained	33
examining	33
field	33
birlstone	33
desperate	33
mention	33
breaking	33
continue	33
europe	33
one's	33
bitter	33
teeth	33
dragged	33
cigarette	32
promised	32
desk	32
bar	32
owner	32
tracks	32
gasped	32
slept	32
lens	32
buried	32
dining-room	32
pool	32
deserted	32
advanced	32
alternative	32
skin	32
twisted	32
policeman	32
foreign	32
trail	32
poison	32
party	32
carrying	32
ain't	32
intense	32
baynes	32
milverton	32
greater	32
moran	32
government	32
companion's	32
well-known	32
bent	32
vermissa	32
driving	32
ruin	32
intimate	32
ought	32
keeping	32
dashed	32
bought	31
interests	31
gather	31
needs	31
downstairs	31
agony	31
isn't	31
leaves	31
bullet	31
suggestion	31
tuesday	31
realized	31
enemy	31
showing	31
carruthers	31
hypothesis	31
melancholy	31
gets	31
lucy	31
puzzled	31
obliged	31
missed	31
overcoat	31
landlady	31
grip	31
questioning	31
closely	31
informed	31
animal	31
noble	31
'there	31
deed	31
william	31
sympathy	31
till	31
serve	31
hansom	31
wasn't	31
joined	31
discuss	31
tut	31
george	31
rope	31
forgotten	31
dust	31
hum	31
band	31
refuse	30
solid	30
halloa	30
note-book	30
rock	30
plaster	30
leg	30
grim	30
barclay	30
absorbed	30
fatal	30
bottle	30
collar	30
'but	30
companions	30
slow	30
press	30
scream	30
yonder	30
struggle	30
capital	30
advance	30
event	30
tore	30
older	30
returning	30
avoid	30
church	30
becomes	30
convict	30
fled	30
prefer	30
tied	30
risk	30
honest	30
row	30
begun	30
nerve	30
billy	30
possibility	30
copy	30
mercy	30
lunch	30
porter	30
successful	30
criminals	30
contained	29
blame	29
wheels	29
earnestly	29
former	29
furniture	29
reference	29
fainted	29
ross	29
temper	29
pressed	29
wet	29
india	29
laying	29
altogether	29
coronet	29
de	29
particularly	29
gathered	29
tea	29
burning	29
pen	29
neighbourhood	29
half-past	29
keenly	29
discovery	29
initials	29
orders	29
plan	29
knee	29
disturbed	29
suspect	29
recent	29
brilliant	29
crowd	29
highest	29
hatred	29
suspected	29
limited	29
moon	29
boot	28
footsteps	28
coachman	28
stream	28
inquest	28
swung	28
settle	28
clay	28
garcia	28
fast	28
coffee	28
marry	28
cap	28
lip	28
scanlan	28
daily	28
permission	28
ceiling	28
dancing	28
opportunity	28
obtained	28
'yes	28
armed	28
judgment	28
volume	28
stanley	28
bureau	28
recognized	28
lodger	28
column	28
art	28
respect	28
ordered	28
positive	28
joke	28
arrival	28
fly	28
clearing	28
talked	28
choose	28
apply	28
various	28
check	28
modern	28
pencil	28
sounds	28
express	28
remarks	28
fault	28
conclusions	28
leads	28
expert	28
unhappy	28
crossed	28
soames	28
offered	28
occasional	28
accident	27
addressed	27
cost	27
inclined	27
whoever	27
fired	27
mire	27
winding	27
admirable	27
ends	27
stayed	27
considerably	27
science	27
condition	27
detectives	27
complex	27
precisely	27
imagination	27
warn	27
print	27
clapped	27
tragic	27
eh	27
grief	27
rubbed	27
agree	27
musgrave	27
agents	27
sleeve	27
calling	27
atmosphere	27
robbery	27
spirits	27
impressed	27
passion	27
direct	27
cecil	27
descended	27
endeavoured	27
reward	27
agreed	27
cries	27
shoes	27
enemies	27
cloud	27
he'll	27
believed	27
member	27
goose	27
wounded	27
clad	27
gaunt	27
clerk	27
frequently	27
smart	27
pull	27
packet	27
visible	27
tiger	27
lake	27
disease	27
accustomed	27
trivial	27
immense	27
receive	27
mac	27
anxiety	27
cushing	27
method	27
larger	26
doorway	26
frances	26
solved	26
particulars	26
immediate	26
voices	26
afford	26
pity	26
angel	26
bringing	26
desired	26
development	26
nurse	26
worthy	26
respectable	26
recognize	26
indications	26
haggard	26
playing	26
thief	26
cunningham	26
awful	26
identity	26
misfortune	26
dim	26
duties	26
admiration	26
staggered	26
built	26
ease	26
proceed	26
o'	26
garrideb	26
agitation	26
officer	26
cruel	26
'that	26
gloomy	26
peering	26
describe	26
apart	26
sussex	26
brandy	26
nodded	26
surface	26
delighted	26
faced	26
rage	26
rare	26
husband's	26
curve	26
thoughtfully	26
signal	26
treated	26
staunton	26
attached	26
spirit	26
gibson	26
spend	26
shouted	26
advise	26
tossed	26
hidden	26
brothers	26
winter	26
handkerchief	26
relief	26
link	26
machine	25
sweet	25
hiding-place	25
'no	25
pride	25
footmarks	25
neighbours	25
stern	25
golden	25
faint	25
holder	25
traced	25
clouds	25
ceased	25
fears	25
intelligence	25
lawyer	25
hedge	25
impatience	25
cabman	25
limbs	25
suspicious	25
departed	25
secured	25
indicated	25
midnight	25
enormous	25
pressing	25
whence	25
stout	25
hide	25
visitors	25
liberty	25
confederate	25
pockets	25
chap	25
trembling	25
speech	25
badly	25
rocks	25
helpless	25
risen	25
liverpool	25
toby	25
foul	25
holmes'	25
baron	25
consult	25
lodgings	25
proceeded	25
sarah	25
lot	25
system	25
mister	25
woodley	25
pleased	25
seriously	25
sky	25
humble	25
italian	25
hilton	25
meeting	25
waste	25
fellows	25
outer	25
incidents	25
propose	24
aroused	24
minds	24
tone	24
ladies	24
supper	24
deny	24
stage	24
favour	24
solve	24
awaiting	24
ruined	24
old-fashioned	24
chuckled	24
according	24
amusement	24
forth	24
leather	24
incredible	24
delay	24
meantime	24
flung	24
charles's	24
here's	24
friendly	24
lyons	24
fill	24
yourselves	24
tongue	24
involved	24
separate	24
councillor	24
pure	24
subtle	24
grimpen	24
injured	24
warrant	24
asleep	24
supposition	24
heir	24
chosen	24
gain	24
trousers	24
sufficient	24
weather	24
unlikely	24
driver	24
whisper	24
data	24
wicked	24
establishment	24
rigid	24
approach	24
gentle	24
interrupted	24
article	24
drawer	24
farm	24
scribbled	24
exclamation	24
susan	24
extent	24
forms	24
agra	24
request	24
lest	24
senses	24
list	24
jonathan	24
feelings	24
irregular	23
foolish	23
clair	23
useless	23
runs	23
noise	23
flat	23
smoked	23
eccles	23
hunt	23
metal	23
considered	23
nights	23
expedition	23
discover	23
gently	23
dates	23
shutters	23
pycroft	23
space	23
angle	23
wondering	23
greek	23
ghastly	23
efforts	23
arrive	23
wide	23
vital	23
finds	23
directed	23
wealth	23
telegraph	23
trevor	23
unpleasant	23
we've	23
brick	23
nearest	23
bones	23
mental	23
unique	23
increased	23
dirty	23
assistant	23
moustache	23
mood	23
entrance	23
conscience	23
obscure	23
coincidence	23
plainly	23
accept	23
grasp	23
secrecy	23
recollection	23
minister	23
intently	23
fight	23
hiding	23
cared	23
occur	23
startled	23
stackhurst	23
alec	23
fiend	23
gesture	23
stake	23
plot	23
gaze	23
lined	23
trade	23
amberley	23
associated	23
busts	23
fortunate	23
cellar	23
moments	23
bitterly	23
reported	23
command	23
aloud	23
lucky	23
boys	23
oldacre	23
jove	22
masterful	22
records	22
massive	22
shop	22
hosmer	22
africa	22
swept	22
knock	22
waterloo	22
burglary	22
dared	22
comfortable	22
charing	22
bushes	22
carey	22
wiser	22
stole	22
market	22
bare	22
blessington	22
chanced	22
brains	22
fifteen	22
quest	22
plenty	22
mission	22
continually	22
blaze	22
researches	22
'oh	22
disappointment	22
ashamed	22
sealed	22
easier	22
rate	22
deduce	22
delight	22
secure	22
guilt	22
bartholomew	22
revenge	22
wasted	22
grizzled	22
mcfarlane	22
scowrers	22
rolled	22
group	22
hit	22
gennaro	22
proofs	22
rounded	22
summer	22
hospital	22
officers	22
fond	22
bless	22
astonished	22
snow	22
gradually	22
scientific	22
surgeon	22
guessed	22
offices	22
belonged	22
apartment	22
progress	22
european	22
lights	22
agitated	22
happen	22
barrel	22
charming	22
murderous	22
actual	22
poured	22
strongly	22
treat	22
hearing	22
searched	21
waved	21
kindness	21
heartily	21
moat	21
uttered	21
sentence	21
dunbar	21
hullo	21
gazing	21
railway	21
chemical	21
bow	21
difference	21
warned	21
dog-cart	21
probability	21
introduced	21
exposed	21
popular	21
exercise	21
unnatural	21
lucas	21
analysis	21
starting	21
recall	21
stones	21
travelled	21
cubitt	21
states	21
closing	21
shadows	21
fields	21
absent	21
steady	21
exclaimed	21
services	21
hollow	21
instinct	21
curse	21
burglar	21
doubts	21
departure	21
saturday	21
screamed	21
depend	21
objection	21
type	21
falling	21
surrounded	21
referred	21
stronger	21
developments	21
oak	21
ascended	21
stooped	21
chill	21
instructions	21
jury	21
entering	21
bannister	21
grotesque	21
fantastic	21
furiously	21
ink	21
crouching	21
regard	21
arm-chair	21
sold	21
safely	21
problems	21
newspaper	21
coarse	21
troubled	21
opium	21
forty	21
board	21
coroner	21
ashes	21
acting	21
trial	21
class	21
laughter	21
congratulate	21
regret	21
nice	21
sides	21
accounts	21
custom	21
host	21
splendid	21
explanations	21
bold	21
deepest	20
partly	20
injury	20
muttered	20
violet	20
rattle	20
gravely	20
gossip	20
fury	20
crimes	20
fix	20
crowded	20
murmured	20
winchester	20
student	20
voyage	20
emsworth	20
highly	20
liked	20
indicate	20
severe	20
faith	20
trained	20
college	20
precaution	20
physical	20
numerous	20
members	20
dream	20
resumed	20
presents	20
join	20
warm	20
rid	20
copper	20
everyone	20
thoroughly	20
whistle	20
rattled	20
secrets	20
surrey	20
glared	20
york	20
cup	20
sprung	20
deductions	20
alley	20
shattered	20
coffin	20
plunged	20
windibank	20
fully	20
patch	20
den	20
doctor's	20
lovely	20
courage	20
actions	20
inches	20
injuries	20
turner	20
veil	20
humour	20
curtains	20
harrison	20
pieces	20
league	20
authority	20
similar	20
approaching	20
pains	20
red-headed	20
separated	20
flash	20
brunton	20
rascal	20
confession	20
stock	20
sell	20
clean-shaven	20
rested	20
pictures	20
principal	20
manage	20
earlier	20
united	20
wrist	20
listening	20
glare	20
vicar	20
bearded	20
chairs	20
net	20
century	20
avenue	20
swift	20
generally	20
paused	20
string	20
furious	20
gap	20
wilder	19
reports	19
faithful	19
dazed	19
dramatic	19
cage	19
mixture	19
folded	19
aurora	19
introduce	19
genius	19
cord	19
stepfather	19
drunk	19
instrument	19
thanks	19
melas	19
tired	19
associate	19
amount	19
arrangements	19
using	19
treaty	19
athelney	19
million	19
impatiently	19
flew	19
pearl	19
'we	19
accused	19
murdoch	19
clearer	19
bachelor	19
striking	19
depends	19
higher	19
kill	19
night's	19
expecting	19
fever	19
sad	19
buy	19
errand	19
sending	19
pushing	19
music	19
sick	19
proceedings	19
attacked	19
documents	19
inexplicable	19
motionless	19
thrill	19
possessed	19
cool	19
pursued	19
forgive	19
strangers	19
woods	19
army	19
gables	19
degree	19
attitude	19
flying	19
'why	19
elder	19
brougham	19
paced	19
colleague	19
shared	19
stoner	19
sombre	19
conviction	19
crisis	19
assumed	19
breathing	19
premises	19
admitted	19
map	19
parted	19
wife's	19
salt	19
faded	19
screaming	19
neville	19
legal	19
eventually	19
ending	19
period	19
mother's	19
middle-aged	19
jewels	19
hideous	19
disguise	19
discretion	19
soothing	19
remarkably	19
frame	19
ours	19
prime	19
hugo	19
rolling	19
oxford	19
qualities	18
tin	18
wing	18
destroyed	18
branch	18
ticket	18
hopeless	18
regular	18
reader	18
killing	18
inference	18
comrade	18
stable	18
vengeance	18
amused	18
lately	18
endeavouring	18
articles	18
inch	18
hence	18
succession	18
horribly	18
mud	18
stain	18
ritual	18
hang	18
deeper	18
shooting	18
pages	18
source	18
warren	18
union	18
cipher	18
securities	18
norfolk	18
steel	18
venture	18
hated	18
deceased	18
hush	18
visited	18
setting	18
disposition	18
paris	18
cupboard	18
governess	18
movements	18
quivering	18
simpson	18
march	18
pursuit	18
blazing	18
friendship	18
illness	18
amiable	18
sensational	18
lover	18
darted	18
anywhere	18
steam	18
tracey	18
coombe	18
tale	18
outline	18
lighting	18
groaned	18
johnson	18
thinks	18
professor's	18
personally	18
sensitive	18
invisible	18
trusted	18
considering	18
speed	18
happens	18
shelf	18
threatened	18
individual	18
woolwich	18
holdernesse	18
stretch	18
heap	18
pile	18
commission	18
devonshire	18
taste	18
solemn	18
waistcoat	18
clenched	18
brings	18
beaten	18
fireplace	18
mcpherson	18
day's	18
crown	18
giant	18
strode	18
notebook	18
responsibility	18
cadogan	18
pavement	18
villa	18
peeped	18
sworn	18
powder	18
maiden	18
suicide	18
lighted	18
drawing-room	18
unnecessary	18
works	18
effects	18
trick	18
dimly	18
stories	18
cloth	17
ushered	17
sharply	17
established	17
stolen	17
organization	17
funny	17
eat	17
police-station	17
energetic	17
won	17
novel	17
symptoms	17
noted	17
evans	17
burglars	17
cursed	17
reserve	17
employed	17
indication	17
swore	17
clock	17
walks	17
amazing	17
suffered	17
alice	17
good-night	17
earnest	17
tree	17
planned	17
landlord	17
skull	17
mate	17
rule	17
greeted	17
inquired	17
masser	17
title	17
wine	17
university	17
attempted	17
level	17
'if	17
keys	17
retreat	17
precautions	17
drama	17
begged	17
oath	17
intellectual	17
overlooked	17
baby	17
poker	17
lid	17
madame	17
rushing	17
fort	17
portion	17
englishman	17
mounted	17
occupied	17
conveyed	17
scrawled	17
heath	17
tail	17
specimen	17
hell	17
kent	17
wise	17
geese	17
intrusion	17
cabinet	17
supposing	17
halted	17
utter	17
apology	17
reaching	17
previous	17
terribly	17
instructive	17
elbow	17
replaced	17
interruption	17
assassin	17
possess	17
earn	17
edwards	17
luggage	17
discoloured	17
huddled	17
lion	17
platform	17
bill	17
violin	17
brightly	17
irene	17
adler	17
sternly	17
communicate	17
comrades	17
balance	17
odd	17
neat	17
supreme	17
recently	17
stuck	17
branches	17
hatherley	17
recommend	17
cigars	17
movement	17
blew	17
shoscombe	17
eagerness	17
consideration	17
justified	17
france	17
uneasy	17
distinctly	17
granite	17
relieved	17
grasped	17
characteristic	17
lamps	17
appeal	17
sailor	17
attracted	17
responsible	17
fat	17
hills	17
distinct	16
belief	16
amateur	16
trifle	16
hid	16
remove	16
favourite	16
rude	16
mischief	16
pause	16
stooping	16
wells	16
stained	16
inconceivable	16
horrified	16
accomplice	16
magnificent	16
distinguished	16
certainty	16
calm	16
confirmed	16
palm	16
motives	16
closer	16
curved	16
tangled	16
souls	16
sister's	16
steadily	16
roads	16
'he	16
yew	16
bending	16
terrace	16
expressed	16
delivered	16
argument	16
staying	16
huxtable	16
dollars	16
stuff	16
dartmoor	16
framed	16
contact	16
freely	16
strikes	16
feeble	16
gates	16
dressing	16
outlined	16
rapid	16
clergyman	16
perceived	16
stains	16
fits	16
mask	16
race	16
decide	16
contrast	16
views	16
solitary	16
coldly	16
commissionaire	16
ralph	16
presumably	16
armstrong	16
twitching	16
readily	16
repeat	16
outrage	16
constables	16
elsewhere	16
drunken	16
brass	16
gems	16
turns	16
hundreds	16
king's	16
shade	16
ruffian	16
royal	16
lee	16
conjecture	16
triumph	16
lurking	16
wretched	16
tap	16
keeps	16
hate	16
haven't	16
wearing	16
passionate	16
concluded	16
thoughtful	16
impressions	16
goodness	16
regiment	16
daylight	16
beating	16
beach	16
merripit	16
willing	16
belongs	16
trifling	16
blank	16
strain	16
exhausted	16
majesty	16
frock-coat	16
supply	16
weapons	16
fourth	16
tapped	16
peaceful	15
objects	15
museum	15
research	15
'my	15
training	15
politics	15
lifted	15
loving	15
rush	15
wear	15
assurance	15
backward	15
overtaken	15
urgent	15
fortnight	15
sinking	15
scarlet	15
borne	15
brutal	15
win	15
engage	15
san	15
hammer	15
limits	15
pondicherry	15
spaniel	15
'then	15
toller	15
russian	15
boscombe	15
seek	15
fortunately	15
meal	15
gleamed	15
strolled	15
exception	15
instance	15
weakness	15
van	15
seaman	15
peculiarly	15
hearts	15
roused	15
wishes	15
wax	15
emotions	15
ledge	15
sigh	15
wisteria	15
conceivable	15
murmur	15
affected	15
fringe	15
percy	15
jonas	15
routine	15
proper	15
wired	15
'this	15
relation	15
trainer	15
crypt	15
crept	15
employ	15
baskervilles	15
stapletons	15
expense	15
partner	15
logical	15
sequence	15
wooden-legged	15
napoleon	15
amazed	15
staff	15
succeed	15
projecting	15
sorrow	15
consequence	15
raising	15
recognised	15
crouched	15
murderers	15
frankland	15
permit	15
shirt	15
acknowledge	15
style	15
investigating	15
loudly	15
oberstein	15
ingenious	15
answers	15
reasonable	15
combination	15
roar	15
episode	15
infernal	15
damp	15
protection	15
scared	15
linen	15
diary	15
steep	15
insist	15
cliff	15
arrange	15
openshaw	15
gleaming	15
amiss	15
block	15
follows	15
milk	15
choice	15
experiences	15
hesitated	15
gas	15
mixed	15
loves	15
pace	15
shake	15
base	15
sole	15
pressure	15
african	15
strongest	15
four-wheeler	15
retain	15
banker	15
jump	15
restless	15
sam	15
confessed	15
damned	15
curiously	15
hayes	15
trevelyan	15
content	15
swarthy	15
signed	15
smaller	15
birdy	15
specialist	15
chose	15
colonel's	15
shoot	15
moonlight	15
mighty	15
inhabited	15
birmingham	15
charlington	14
pacing	14
observer	14
store	14
ronder	14
uncertain	14
leonardo	14
woking	14
holy	14
holdhurst	14
cyclist	14
troubles	14
flame	14
livid	14
devote	14
springing	14
cocked	14
compared	14
obtain	14
delicacy	14
ideas	14
messenger	14
process	14
fellow's	14
heaven's	14
wardrobe	14
allusion	14
rat	14
firmly	14
'it's	14
term	14
fighting	14
skill	14
birds	14
shillings	14
campaign	14
provided	14
spotted	14
mass	14
columns	14
porlock	14
enabled	14
dispatched	14
duplicate	14
vicarage	14
curled	14
rubbing	14
marvin	14
fright	14
california	14
portrait	14
bluff	14
coal	14
nobody	14
ted	14
convenient	14
tricks	14
bull	14
monstrous	14
students	14
wanting	14
menacing	14
car	14
preserve	14
rode	14
paragraph	14
completed	14
vacant	14
sketch	14
careless	14
directions	14
hurled	14
neglected	14
neighbour	14
travel	14
communicated	14
brackenstall	14
pink	14
reconstruct	14
ahead	14
jealousy	14
starting-point	14
dealing	14
concentrated	14
composed	14
she's	14
tor	14
abandon	14
tangle	14
argue	14
containing	14
dated	14
legend	14
depths	14
score	14
divided	14
passes	14
madness	14
pledge	14
wharf	14
faithfully	14
authorities	14
'ah	14
convulsed	14
ejaculated	14
education	14
sill	14
flush	14
purely	14
wave	14
unlocked	14
ventilator	14
brisk	14
cabin	14
snapped	14
intend	14
vigil	14
rights	14
soldier	14
outstretched	14
naked	14
inflicted	14
interfere	14
roylott	14
appreciate	14
frighten	14
picking	14
inferences	14
monograph	14
quivered	14
chairman	14
disappointed	14
spread	14
corners	14
hint	14
kensington	14
victoria	14
prompt	14
screen	14
bulky	14
island	14
cigarettes	14
clutched	14
announced	14
prospect	14
factor	14
plate	14
presuming	14
personality	14
deduced	14
straw	14
reasoner	14
conceive	14
heading	14
honourable	14
correspondence	14
tremendous	14
dense	14
thunder	14
glimmer	14
inform	14
speedily	14
grow	14
everywhere	14
crushed	14
coast	14
barred	14
kneeling	14
accent	14
cheerful	14
dogs	14
jumped	14
vile	14
chart	14
discovering	14
cat	14
diamond	14
jaw	14
'a	14
handled	14
bohemia	14
frankly	14
supposed	14
groom	14
born	14
backwards	14
pack	14
cook	14
residence	14
stated	14
camberwell	14
'for	14
earned	14
he'd	14
seconds	14
poisonous	14
annoyed	14
country-side	14
inscription	14
hers	14
ryder	14
hurriedly	14
exit	14
exchange	14
son's	13
gigantic	13
heel	13
onward	13
wednesday	13
panting	13
language	13
ivy	13
hastened	13
favorite	13
fitted	13
rival	13
knocking	13
sahib	13
mawson's	13
begins	13
mottled	13
limp	13
hearty	13
connoisseur	13
sallow	13
cravat	13
threads	13
exchanged	13
swinging	13
community	13
facing	13
persons	13
wealthy	13
writer	13
exposure	13
wildly	13
roared	13
practitioner	13
affection	13
justify	13
snatched	13
nails	13
becoming	13
prison	13
adair	13
crash	13
spectacles	13
gravel	13
pathway	13
dreary	13
awake	13
merton	13
bears	13
clouded	13
occupation	13
dashing	13
merchant	13
defence	13
unfortunately	13
income	13
smallest	13
superior	13
investigations	13
pistols	13
plucked	13
assault	13
induce	13
policemen	13
refer	13
malignant	13
ii	13
waits	13
presbury	13
resolute	13
retained	13
conditions	13
silk	13
inquire	13
sylvius	13
northumberland	13
sterndale	13
clatter	13
sporting	13
soil	13
device	13
stare	13
recover	13
disgrace	13
austere	13
brave	13
tenant	13
crumpled	13
characters	13
guarded	13
slope	13
sleeves	13
jacket	13
superficial	13
convey	13
tastes	13
upward	13
latest	13
gloves	13
muffled	13
jagged	13
ugly	13
bristling	13
sees	13
interval	13
salary	13
jim	13
pretend	13
messages	13
stride	13
rumours	13
hailed	13
ash	13
wander	13
promises	13
overton	13
foolscap	13
disposal	13
hurrying	13
slightly	13
surmise	13
attacks	13
josiah	13
recovering	13
produce	13
drug	13
forrester	13
flaw	13
invalid	13
bosom	13
precise	13
contracted	13
debt	13
pinner	13
brute	13
chances	13
expressive	13
wandering	13
sons	13
beeches	13
trains	13
political	13
brooding	13
awakened	13
blowing	13
artist	13
summoned	13
native	13
grand	13
extended	13
consumed	13
hobby	13
agency	13
mapleton	13
confused	13
electric	13
thames	13
theatre	13
horner	13
impress	13
petty	13
quality	13
rely	13
decided	13
dawn	12
stars	12
crop	12
corresponding	12
punishment	12
effective	12
purposes	12
border	12
associates	12
thursday	12
enable	12
hadn't	12
cock	12
tapping	12
freedom	12
sufficiently	12
gorgiano	12
destroy	12
patches	12
henderson	12
concentration	12
horizon	12
elaborate	12
gown	12
afghanistan	12
lightly	12
compliment	12
bone	12
wronged	12
detection	12
remaining	12
whip	12
dried	12
woke	12
shadowed	12
adopted	12
fugitives	12
right-hand	12
peters	12
furtive	12
triumphant	12
hoarse	12
slippers	12
hilda	12
complicated	12
sleeps	12
invaluable	12
calls	12
glaring	12
caution	12
eastern	12
wrists	12
concealment	12
discreet	12
sheep	12
satisfy	12
hesitation	12
grate	12
earnestness	12
puzzle	12
litter	12
cambridge	12
peered	12
dish	12
finest	12
shotgun	12
eccentric	12
growing	12
dumb-bell	12
push	12
bet	12
co	12
strand	12
shoe	12
wherever	12
assist	12
farmer	12
couch	12
likes	12
turf	12
flashed	12
burn	12
engineer	12
resolution	12
reserved	12
selden	12
whipped	12
june	12
forgot	12
victor	12
reflection	12
feature	12
alarmed	12
forwards	12
tonga	12
design	12
safer	12
hook	12
select	12
miners	12
abandoned	12
capacity	12
fish	12
drag	12
expanse	12
tool	12
gardens	12
first-class	12
theresa	12
basis	12
forearm	12
support	12
constant	12
rifle	12
beppo	12
regent	12
observations	12
loaded	12
families	12
bath	12
merryweather	12
chase	12
good-morning	12
warmly	12
tiny	12
waving	12
gilchrist	12
surroundings	12
contains	12
creatures	12
astute	12
proceeding	12
measured	12
westminster	12
widower	12
eminent	12
mount-james	12
climbed	12
tide	12
scratch	12
grows	12
ringing	12
sin	12
awkward	12
blinds	12
ascertained	12
upset	12
annoyance	12
lowered	12
master's	12
drooping	12
lascar	12
ay	12
sunburned	12
recommended	12
doings	12
softly	12
struggled	12
tells	12
receiving	12
revealed	12
merville	12
unlike	12
august	12
blurred	12
deceive	12
tinge	12
library	12
hangs	12
dodd	12
speaks	12
leader	12
clumsy	12
they've	12
leisure	12
glimmered	12
glances	12
proves	12
chalk	12
maberley	12
shout	12
subdued	12
romance	12
impatient	12
horsham	12
prevented	12
reaction	12
argued	12
pips	12
threshold	12
martin	12
self-contained	12
stable-boy	12
proposition	12
pulling	12
'where	12
snap	12
crack	12
temporary	12
applied	12
implored	12
bradstreet	12
acute	12
methodical	12
suffering	12
employment	12
dignity	12
ceremony	12
summons	12
destruction	12
intelligent	12
handling	12
pouring	12
camp	12
gruner	12
harsh	12
normal	12
shield	12
impassive	12
wrinkled	12
crazy	12
cloak	12
determine	12
senseless	12
pinkerton	12
louder	12
witnesses	12
joking	12
telephone	11
wondered	11
orange	11
whiskers	11
exaggerated	11
alibi	11
yelled	11
singularly	11
fists	11
clients	11
'how	11
passages	11
confidential	11
premature	11
dock	11
confined	11
morose	11
confronted	11
richest	11
purse	11
aboard	11
injustice	11
energies	11
constitution	11
bay	11
consciousness	11
situated	11
corridors	11
suppressed	11
issue	11
gentleman's	11
abstracted	11
landscape	11
pound	11
paying	11
blown	11
friday	11
suffer	11
barren	11
drinking	11
control	11
workman	11
crisp	11
invariably	11
mcmurdo's	11
division	11
laboratory	11
delirious	11
stealthy	11
clasped	11
disclosed	11
lean	11
sunshine	11
communication	11
posted	11
fiery	11
notion	11
unofficial	11
eyelids	11
kennington	11
post-office	11
beddoes	11
sheets	11
jabez	11
cruelty	11
gloria	11
laura	11
cheery	11
withdrew	11
achmet	11
impulse	11
shocked	11
drawbridge	11
consulting-room	11
endeavored	11
yell	11
clues	11
screams	11
mysteries	11
drawers	11
lap	11
betrayed	11
wit's	11
desolate	11
enjoy	11
declared	11
pardon	11
avail	11
roadway	11
annals	11
stump	11
horse's	11
manuscript	11
developed	11
stamford	11
hired	11
downs	11
reckon	11
despatch-box	11
charred	11
unconscious	11
gar	11
groan	11
preserved	11
bell-rope	11
vacancy	11
drank	11
discussion	11
ventured	11
finish	11
smooth	11
mines	11
metallic	11
fragments	11
attain	11
conspiracy	11
intervals	11
profound	11
mormon	11
consequences	11
limit	11
destined	11
bounded	11
aspect	11
spy	11
equal	11
barney	11
fitzroy	11
dislike	11
slopes	11
whereabouts	11
murders	11
lain	11
ally	11
forefinger	11
establish	11
boulders	11
accompanied	11
resistance	11
wrung	11
paddington	11
attentions	11
indoors	11
correspond	11
gale	11
speculation	11
ample	11
successes	11
nobleman	11
addition	11
consulted	11
greeting	11
briony	11
tweed	11
darkened	11
we're	11
connect	11
sideboard	11
senior	11
crawling	11
forces	11
distorted	11
erect	11
vaguely	11
assizes	11
darting	11
prague	11
interpreter	11
frenzy	11
darker	11
other's	11
cutting	11
satisfactory	11
lashed	11
wandered	11
slightest	11
rings	11
burden	11
roughly	11
gifts	11
cartwright	11
social	11
consulting	11
statesman	11
july	11
concerning	11
valise	11
banks	11
dangers	11
stopping	11
poisoned	11
conjectured	11
crimson	11
thickly	11
australia	11
ruddy	11
abruptly	11
coward	11
shrubbery	11
largest	11
honoured	11
scuffle	11
browner	11
attempts	11
hunted	11
strained	11
teach	11
bodies	11
startling	11
whisky	11
terrified	11
causes	11
outhouse	11
click	11
international	11
towers	11
miserable	11
pedro	11
compare	11
glint	11
straggling	11
stoke	11
tunbridge	11
overtake	11
bargain	11
boxes	11
alas	11
numbers	11
january	11
vision	11
grange	11
accepted	11
searching	11
grin	11
exalted	11
flattened	11
ball	11
hour's	11
hounds	11
drifting	11
chat	11
catastrophe	11
bully	11
capture	11
sounded	11
independent	11
consisted	11
convulsive	11
halfway	11
pyland	11
cell	11
sovereign	10
complaint	10
twilight	10
unmarried	10
concern	10
deserved	10
visits	10
sums	10
coolly	10
sink	10
crossing	10
dreamed	10
abode	10
ian	10
hunting	10
'quite	10
changes	10
stroll	10
citizen	10
eustace	10
cornish	10
dreams	10
stark	10
baden	10
refuge	10
preposterous	10
chronicle	10
millions	10
technical	10
sailors	10
clerks	10
pet	10
trusty	10
surgery	10
settling	10
dolores	10
blows	10
sikh	10
cheek	10
soldiers	10
recalled	10
intensity	10
lausanne	10
raw	10
uses	10
plantation	10
steal	10
doubted	10
prize	10
hydraulic	10
smashed	10
parish	10
sheer	10
cliffs	10
pleasing	10
whitehall	10
midst	10
dad	10
dine	10
stamped	10
rent	10
harold	10
mall	10
pall	10
dismiss	10
submitted	10
dripping	10
depression	10
counsel	10
constabulary	10
understanding	10
sought	10
irrelevant	10
lads	10
helping	10
activity	10
swollen	10
monster	10
premier	10
paths	10
deep-set	10
handwriting	10
glowing	10
flowers	10
correspondent	10
shrieked	10
uneasiness	10
piled	10
puts	10
resident	10
morrison	10
intimacy	10
gasp	10
wits	10
pipes	10
pocket-book	10
educated	10
saloon	10
treatment	10
prepare	10
agreement	10
watson's	10
countess	10
settee	10
sleeper	10
christmas	10
peterson	10
penetrating	10
financial	10
tiptoe	10
grant	10
vast	10
acton	10
greatly	10
persuade	10
haunted	10
whistled	10
protruding	10
ability	10
uncle's	10
morstan's	10
represented	10
oil	10
sholto's	10
tossing	10
advised	10
unfolded	10
vindictive	10
dressing-room	10
odds	10
deception	10
shutter	10
attend	10
shorter	10
root	10
shed	10
nocturnal	10
abbey	10
returns	10
munro	10
bedrooms	10
godolphin	10
'is	10
three-quarter	10
experiment	10
october	10
threatening	10
earl	10
twinkle	10
maids	10
chinese	10
port	10
illustrious	10
fitting	10
spanish	10
officials	10
huts	10
autumn	10
henry's	10
visiting	10
national	10
darling	10
sutherland	10
covering	10
wrapped	10
stirring	10
paces	10
inspection	10
velvet	10
sob	10
addressing	10
engagement	10
tones	10
cyril	10
finger-tips	10
chambers	10
instincts	10
grudge	10
slaney	10
whimsical	10
crawled	10
clear-cut	10
barrels	10
elsie	10
butt	10
girl's	10
happiness	10
apprehension	10
comfort	10
memoirs	10
enclosure	10
hampshire	10
simplicity	10
thieves	10
shivering	10
experienced	10
quarter-past	10
minutely	10
rascals	10
inward	10
scheme	10
unseen	10
frankness	10
chuckle	10
uncontrollable	10
veins	10
williamson	10
tunnel	10
upwards	10
doran	10
sleepy	10
fruit	10
manners	10
stammered	10
bob	10
significance	10
child's	10
pills	10
sullen	10
blunt	10
pitch	10
drifted	10
littered	10
'let	10
hoofs	10
arresting	10
ascertain	10
recorded	10
duly	10
measure	10
fifth	10
sobbing	10
abroad	10
bottles	10
cane	10
bizarre	10
distinguish	10
muzzle	10
uniform	10
jealous	10
dash	10
writhing	10
inquiring	10
neatly	10
parcel	10
stiff	10
anxiously	10
countenance	10
staircase	10
decision	10
practically	10
alluded	10
allen	10
hours'	10
landing	10
detected	10
reflected	10
expensive	10
taller	10
exultation	10
expose	10
aided	10
utah	10
'your	10
boulder	10
shelter	10
dread	10
infinitely	10
resemblance	10
haze	10
calmly	10
hotels	10
merry	10
ignorant	10
rance	10
boards	10
stately	10
insisted	10
shrill	10
tread	10
seize	10
reckless	10
dogged	10
misery	10
puffing	10
await	10
saucer	10
ill-omened	10
widow	10
landed	10
characteristics	10
remainder	10
hardened	10
unravel	10
scoundrel	10
decent	10
daring	10
handcuffs	10
wiggins	10
dropping	10
grove	10
shriek	10
somebody	10
lestrade's	10
occasions	10
prints	10
