New York, New York	8175031
Los Angeles, California	3793139
Chicago, Illinois	2695652
Houston, Texas	2095517
Philadelphia, Pennsylvania	1526012
Phoenix, Arizona	1446691
San Antonio, Texas	1326161
San Diego, California	1301929
Dallas, Texas	1197658
San Jose, California	952528
Jacksonville, Florida	821750
Indianapolis, Indiana	820457
Austin, Texas	801829
San Francisco, California	805184
Columbus, Ohio	789018
Fort Worth, Texas	744824
Charlotte, North Carolina	735607
Detroit, Michigan	713898
Memphis, Tennessee	651873
El Paso, Texas	648245
Boston, Massachusetts	617792
Baltimore, Maryland	620770
Seattle, Washington	608661
Washington, District of Columbia	601767
Nashville-Davidson, Tennessee	603438
Denver, Colorado	599825
Louisville/Jefferson County, Kentucky	595710
Milwaukee, Wisconsin	594498
Portland, Oregon	583793
Las Vegas, Nevada	584489
Oklahoma City, Oklahoma	580462
Albuquerque, New Mexico	546153
Tucson, Arizona	526634
Fresno, California	497172
Sacramento, California	466383
Long Beach, California	462221
Kansas City, Missouri	459902
Omaha, Nebraska	458989
Mesa, Arizona	440092
Virginia Beach, Virginia	437903
Atlanta, Georgia	427059
Colorado Springs, Colorado	417447
Raleigh, North Carolina	404068
Miami, Florida	399481
Cleveland, Ohio	396665
Tulsa, Oklahoma	392004
Oakland, California	390765
Minneapolis, Minnesota	382603
Wichita, Kansas	382437
Arlington, Texas	365098
Bakersfield, California	347817
New Orleans, Louisiana	343828
Urban Honolulu CDP, Hawaii	337721
Tampa, Florida	336150
Anaheim, California	336109
Aurora, Colorado	324659
Santa Ana, California	324774
St. Louis, Missouri	319289
Riverside, California	303933
Pittsburgh, Pennsylvania	305245
Corpus Christi, Texas	305226
Cincinnati, Ohio	297025
Lexington-Fayette, Kentucky	295870
Anchorage, Alaska	291836
Stockton, California	292182
Toledo, Ohio	287357
St. Paul, Minnesota	285112
Newark, New Jersey	277135
Greensboro, North Carolina	268936
Buffalo, New York	261346
Plano, Texas	259859
Lincoln, Nebraska	258794
Henderson, Nevada	257001
Fort Wayne, Indiana	253739
Jersey City, New Jersey	247608
St. Petersburg, Florida	245177
Chula Vista, California	243923
Norfolk, Virginia	242827
Orlando, Florida	238836
Laredo, Texas	235780
Chandler, Arizona	236157
Madison, Wisconsin	233173
Lubbock, Texas	229943
Durham, North Carolina	229892
Winston-Salem, North Carolina	229627
Baton Rouge, Louisiana	229423
Garland, Texas	226908
Glendale, Arizona	226172
Reno, Nevada	225317
Hialeah, Florida	224704
Chesapeake, Virginia	222311
Scottsdale, Arizona	217492
Irving, Texas	216285
North Las Vegas, Nevada	216667
Fremont, California	214074
Irvine, California	212107
Birmingham, Alabama	212585
San Bernardino, California	210422
Rochester, New York	210674
Boise City, Idaho	209384
Spokane, Washington	209455
Gilbert, Arizona	208462
Santa Clarita, California	208778
Fayetteville, North Carolina	200565
Montgomery, Alabama	205501
Des Moines, Iowa	204220
Richmond, Virginia	204375
Modesto, California	203114
Shreveport, Louisiana	200976
Akron, Ohio	199209
Oxnard, California	198047
Tacoma, Washington	198247
Aurora, Illinois	197975
Fontana, California	196458
Yonkers, New York	196026
Augusta-Richmond County, Georgia	195859
Mobile, Alabama	194659
Moreno Valley, California	193305
Little Rock, Arkansas	193538
Glendale, California	191692
Huntington Beach, California	191038
Amarillo, Texas	190666
Columbus, Georgia	190570
Grand Rapids, Michigan	188036
Salt Lake City, Utah	186433
Worcester, Massachusetts	180891
Tallahassee, Florida	181050
Huntsville, Alabama	180395
Newport News, Virginia	180955
Knoxville, Tennessee	178134
Providence, Rhode Island	177770
Grand Prairie, Texas	175468
Brownsville, Texas	174729
Santa Rosa, California	175038
Overland Park, Kansas	173329
Jackson, Mississippi	173551
Garden Grove, California	170958
Chattanooga, Tennessee	170322
Oceanside, California	167547
Vancouver, Washington	167159
Rancho Cucamonga, California	165380
Fort Lauderdale, Florida	165754
Port St. Lucie, Florida	164203
Ontario, California	163936
Tempe, Arizona	161774
Springfield, Missouri	159341
Lancaster, California	156649
Eugene, Oregon	156431
Macon-Bibb County, Georgia	155783
Pembroke Pines, Florida	154898
Salem, Oregon	154931
Peoria, Arizona	154048
Cape Coral, Florida	154309
Sioux Falls, South Dakota	153978
Springfield, Massachusetts	153132
Elk Grove, California	152995
Rockford, Illinois	153285
Corona, California	152315
Palmdale, California	152733
Salinas, California	150607
Pasadena, Texas	149307
Pomona, California	149061
Joliet, Illinois	147308
Paterson, New Jersey	146181
Kansas City, Kansas	145783
Fort Collins, Colorado	144879
Syracuse, New York	145150
Torrance, California	145151
Bridgeport, Connecticut	144246
Hayward, California	144427
Escondido, California	143976
Lakewood, Colorado	142600
Naperville, Illinois	142170
Dayton, Ohio	141989
Hollywood, Florida	140709
Alexandria, Virginia	139998
Sunnyvale, California	140060
Mesquite, Texas	139701
Hampton, Virginia	137464
Savannah, Georgia	136918
Pasadena, California	137114
Orange, California	136776
Cary, North Carolina	135840
Fullerton, California	135233
Warren, Michigan	134070
Clarksville, Tennessee	132901
McKinney, Texas	131152
McAllen, Texas	131547
Columbia, South Carolina	130421
New Haven, Connecticut	129884
Sterling Heights, Michigan	129675
West Valley City, Utah	129489
Killeen, Texas	127747
Bellevue, Washington	127885
Topeka, Kansas	127630
Cedar Rapids, Iowa	126580
Thousand Oaks, California	126490
Olathe, Kansas	125922
Waco, Texas	124797
Hartford, Connecticut	124765
Elizabeth, New Jersey	124973
Visalia, California	124528
Gainesville, Florida	124504
Simi Valley, California	124242
Coral Springs, Florida	122588
Stamford, Connecticut	122633
Concord, California	122169
Miramar, Florida	121958
Lafayette, Louisiana	121667
Charleston, South Carolina	120364
Evansville, Indiana	120069
Roseville, California	119277
Carrollton, Texas	119211
Thornton, Colorado	118787
Kent, Washington	118620
Frisco, Texas	117174
Allentown, Pennsylvania	118095
Abilene, Texas	117514
Surprise, Arizona	117473
Beaumont, Texas	117278
Springfield, Illinois	116996
Denton, Texas	116326
Independence, Missouri	116812
Santa Clara, California	116453
Victorville, California	115899
Vallejo, California	115914
Athens-Clarke County, Georgia	115387
Peoria, Illinois	115150
Lansing, Michigan	114265
Ann Arbor, Michigan	113988
El Monte, California	113531
Provo, Utah	112487
Berkeley, California	112513
Downey, California	111775
Norman, Oklahoma	110911
Midland, Texas	111193
Waterbury, Connecticut	110309
Costa Mesa, California	110078
Inglewood, California	109649
Manchester, New Hampshire	109549
Murfreesboro, Tennessee	109119
Columbia, Missouri	109044
Clearwater, Florida	109139
Sugar Land, Texas	107835
Elgin, Illinois	108219
Miami Gardens, Florida	107163
San Buenaventura (Ventura), California	107217
Rochester, Minnesota	106823
Arvada, Colorado	106760
Lowell, Massachusetts	106525
Pueblo, Colorado	106542
Wilmington, North Carolina	106456
Westminster, Colorado	106135
West Covina, California	106108
Fargo, North Dakota	105625
Gresham, Oregon	105639
Carlsbad, California	105328
Fairfield, California	105467
Norwalk, California	105549
Cambridge, Massachusetts	105148
Wichita Falls, Texas	104682
High Point, North Carolina	104526
Billings, Montana	104284
Murrieta, California	103731
Palm Bay, Florida	104006
West Jordan, Utah	103601
Green Bay, Wisconsin	103882
Richmond, California	103255
Burbank, California	103357
Everett, Washington	102953
Antioch, California	102745
Flint, Michigan	102266
Erie, Pennsylvania	101738
Daly City, California	101116
South Bend, Indiana	101249
Centennial, Colorado	100635
West Palm Beach, Florida	100665
Round Rock, Texas	100021
Temecula, California	100013
Pompano Beach, Florida	99839
El Cajon, California	99584
Odessa, Texas	99876
Santa Maria, California	99596
Davenport, Iowa	99701
Richardson, Texas	99251
Kenosha, Wisconsin	99279
Rialto, California	99103
Broken Arrow, Oklahoma	98837
Las Cruces, New Mexico	97706
North Charleston, South Carolina	97579
Lawton, Oklahoma	96867
Dearborn, Michigan	98146
Albany, New York	97845
Boulder, Colorado	97612
Lakeland, Florida	97270
San Mateo, California	97195
Tyler, Texas	96852
Roanoke, Virginia	96910
Livonia, Michigan	96857
Compton, California	96404
Clovis, California	95980
Lewisville, Texas	95459
Jurupa Valley, California	94986
Portsmouth, Virginia	95526
New Bedford, Massachusetts	95071
College Station, Texas	94225
South Gate, California	94412
Sandy Springs, Georgia	93826
Pearland, Texas	93117
Brockton, Massachusetts	93767
San Angelo, Texas	93221
Vista, California	93186
Greeley, Colorado	92950
Mission Viejo, California	93103
Hillsboro, Oregon	92265
Vacaville, California	92422
Quincy, Massachusetts	92262
Renton, Washington	91912
Davie, Florida	91950
Yakima, Washington	91273
Carson, California	91711
Lee's Summit, Missouri	91368
Yuma, Arizona	90717
Sparks, Nevada	91117
Lynn, Massachusetts	90324
Tuscaloosa, Alabama	90275
Hesperia, California	90100
Sandy, Utah	90180
Beaverton, Oregon	89725
Spokane Valley, Washington	89745
Redding, California	89857
Westminster, California	89619
Santa Monica, California	89742
Federal Way, Washington	89295
Waukegan, Illinois	89115
Fall River, Massachusetts	88865
Roswell, Georgia	88332
Orem, Utah	88328
Santa Barbara, California	88380
Lawrence, Kansas	87918
Reading, Pennsylvania	87994
Rio Rancho, New Mexico	87387
Miami Beach, Florida	87380
Chico, California	86798
Nashua, New Hampshire	86475
Longmont, Colorado	86327
Fort Smith, Arkansas	86266
Duluth, Minnesota	86266
South Fulton, Georgia	85589
Norwalk, Connecticut	85612
Newton, Massachusetts	85089
Plantation, Florida	84883
Newport Beach, California	85211
Whittier, California	85313
Boca Raton, Florida	84409
San Leandro, California	84977
Greenville, North Carolina	84711
Deltona, Florida	85131
Trenton, New Jersey	84959
Allen, Texas	84273
Suffolk, Virginia	84565
Sunrise, Florida	84306
Carmel, Indiana	83887
Hawthorne, California	84290
Cicero, Illinois	84241
Clifton, New Jersey	84117
League City, Texas	83584
Westland, Michigan	84150
San Marcos, California	83631
Tracy, California	83423
Asheville, North Carolina	83420
Citrus Heights, California	83184
Alhambra, California	83119
Ogden, Utah	82887
Bloomington, Minnesota	82893
Sioux City, Iowa	82693
Warwick, Rhode Island	82689
Edinburg, Texas	82018
Nampa, Idaho	81879
Livermore, California	81426
Parma, Ohio	81589
Edmond, Oklahoma	81130
Champaign, Illinois	81246
Danbury, Connecticut	80893
Bellingham, Washington	81205
Troy, Michigan	80972
Santa Fe, New Mexico	80871
Hoover, Alabama	80823
Kirkland, Washington	80585
Buena Park, California	80619
Cranston, Rhode Island	80627
Hammond, Indiana	80825
Bloomington, Indiana	80293
Longview, Texas	80423
Gary, Indiana	80256
Lakewood, California	80086
O'Fallon, Missouri	79597
Farmington Hills, Michigan	79725
Indio, California	79166
Concord, North Carolina	79389
Largo, Florida	79439
Merced, California	78958
Hemet, California	78630
Chino, California	78069
Racine, Wisconsin	78556
Mission, Texas	77695
Jacksonville, North Carolina	70327
Menifee, California	77382
Fishers, Indiana	77293
Lake Forest, California	77445
Meridian, Idaho	76986
Albany, Georgia	77436
New Rochelle, New York	77115
Napa, California	77088
Johns Creek, Georgia	76638
Redwood City, California	76817
Bloomington, Illinois	76724
Camden, New Jersey	76866
Bend, Oregon	76660
St. Joseph, Missouri	76783
Bellflower, California	76625
Lawrence, Massachusetts	76343
Bryan, Texas	76226
Melbourne, Florida	76217
Avondale, Arizona	76132
Decatur, Illinois	76131
Scranton, Pennsylvania	76083
Brooklyn Park, Minnesota	75776
Somerville, Massachusetts	75701
Lynchburg, Virginia	75534
Palm Coast, Florida	75199
Tustin, California	75317
Baldwin Park, California	75397
Arlington Heights, Illinois	75185
Deerfield Beach, Florida	75008
Medford, Oregon	74992
Bethlehem, Pennsylvania	74972
Chino Hills, California	74792
Evanston, Illinois	74483
Kennewick, Washington	73994
Kalamazoo, Michigan	74263
Schaumburg, Illinois	74233
Mountain View, California	74008
Fayetteville, Arkansas	73580
Alameda, California	73812
Upland, California	73718
Bolingbrook, Illinois	73365
Canton, Ohio	73403
New Britain, Connecticut	73203
St. George, Utah	72759
Appleton, Wisconsin	72675
Lake Charles, Louisiana	72398
Wyoming, Michigan	72117
Folsom, California	72147
Southfield, Michigan	71715
Baytown, Texas	71605
Gastonia, North Carolina	71720
San Ramon, California	71412
Pawtucket, Rhode Island	71153
Waukesha, Wisconsin	71223
Springdale, Arkansas	70800
Rochester Hills, Michigan	70987
Pharr, Texas	70457
Wilmington, Delaware	70875
Plymouth, Minnesota	70591
Auburn, Washington	70301
Pleasanton, California	70280
Muncie, Indiana	70206
Warner Robins, Georgia	69596
Passaic, New Jersey	69811
Union City, California	69531
Lynwood, California	69763
Apple Valley, California	69146
Rapid City, South Dakota	68994
Perris, California	68564
Lafayette, Indiana	68864
Turlock, California	68712
Redlands, California	68679
Framingham, Massachusetts	68323
Palatine, Illinois	68551
Mount Pleasant, South Carolina	68360
Waterloo, Iowa	68496
Boynton Beach, Florida	68293
Iowa City, Iowa	67961
Gulfport, Mississippi	67785
Layton, Utah	67529
Manteca, California	67348
Jonesboro, Arkansas	67295
Missoula, Montana	67358
Mount Vernon, New York	67316
Loveland, Colorado	66992
Lauderhill, Florida	66936
Redondo Beach, California	66931
Missouri City, Texas	66534
Rock Hill, South Carolina	66878
Youngstown, Ohio	66946
Jackson, Tennessee	66847
Milpitas, California	66820
Kenner, Louisiana	66631
Temple, Texas	66082
Union City, New Jersey	66467
St. Charles, Missouri	66218
Oshkosh, Wisconsin	66346
Eau Claire, Wisconsin	66230
Schenectady, New York	66157
Dothan, Alabama	65922
Portland, Maine	66191
Flagstaff, Arizona	66006
St. Cloud, Minnesota	65905
Conroe, Texas	65392
Yuba City, California	65634
Weston, Florida	65419
Davis, California	65639
Goodyear, Arizona	65261
Frederick, Maryland	65289
Camarillo, California	65156
Harlingen, Texas	64943
Rancho Cordova, California	64804
Skokie, Illinois	64845
Flower Mound, Texas	64675
Palo Alto, California	64387
Yorba Linda, California	64167
Walnut Creek, California	64157
Eagan, Minnesota	64150
East Orange, New Jersey	64169
Lorain, Ohio	64099
South San Francisco, California	63622
Janesville, Wisconsin	63658
San Clemente, California	63500
Johnson City, Tennessee	63383
Pittsburg, California	63259
North Richland Hills, Texas	63341
Laguna Niguel, California	62989
Bayonne, New Jersey	63015
Taylor, Michigan	63131
Pico Rivera, California	62958
Pasco, Washington	62163
Franklin, Tennessee	62569
Victoria, Texas	62624
Fort Myers, Florida	62305
Montebello, California	62488
North Little Rock, Arkansas	62350
Council Bluffs, Iowa	62226
Hamilton, Ohio	62291
Shawnee, Kansas	62203
Lodi, California	62121
Woodbury, Minnesota	61963
Utica, New York	62241
Bossier City, Louisiana	61768
Maple Grove, Minnesota	61548
Daytona Beach, Florida	61591
Madera, California	61513
Bismarck, North Dakota	61324
Coon Rapids, Minnesota	61485
Rockville, Maryland	61242
Homestead, Florida	60748
Haverhill, Massachusetts	60878
Tamarac, Florida	60778
Eden Prairie, Minnesota	60797
Waltham, Massachusetts	60638
Meriden, Connecticut	60825
Vineland, New Jersey	60734
Delray Beach, Florida	60611
Terre Haute, Indiana	60785
Santa Cruz, California	59944
Springfield, Ohio	60563
Bristol, Connecticut	60499
West Allis, Wisconsin	60401
Burnsville, Minnesota	60286
North Miami, Florida	60134
Monterey Park, California	60225
Marysville, Washington	60013
Gaithersburg, Maryland	59899
Cheyenne, Wyoming	59552
St. Clair Shores, Michigan	59765
Bowling Green, Kentucky	59407
Kissimmee, Florida	59558
Malden, Massachusetts	59536
Pontiac, Michigan	59695
Encinitas, California	59526
Conway, Arkansas	58874
Springfield, Oregon	59413
Tulare, California	59293
Greenville, South Carolina	59280
Lancaster, Pennsylvania	59263
Great Falls, Montana	59121
La Habra, California	59016
Ames, Iowa	59035
Millcreek, Utah	58750
Grand Junction, Colorado	59034
Gardena, California	58829
Taylorsville, Utah	58691
Cupertino, California	58559
National City, California	58560
Des Plaines, Illinois	58383
Porterville, California	58104
Kokomo, Indiana	58187
Huntington Park, California	58125
New Braunfels, Texas	57676
Petaluma, California	57968
Idaho Falls, Idaho	57833
San Rafael, California	57698
Alpharetta, Georgia	57383
Dubuque, Iowa	57605
Rocky Mount, North Carolina	57695
Sammamish, Washington	57449
Dearborn Heights, Michigan	57774
Lakewood, Washington	57532
Owensboro, Kentucky	57482
Rocklin, California	57131
Blaine, Minnesota	57179
Chapel Hill, North Carolina	57221
North Port, Florida	57320
Royal Oak, Michigan	57232
La Mesa, California	57016
Mansfield, Texas	56654
Bartlett, Tennessee	56941
White Plains, New York	56866
Tinley Park, Illinois	56827
West Des Moines, Iowa	56707
Wellington, Florida	56697
Oak Lawn, Illinois	56690
Marietta, Georgia	56486
Berwyn, Illinois	56653
Orland Park, Illinois	56607
Port Orange, Florida	56628
Ocala, Florida	56568
Medford, Massachusetts	56280
Rogers, Arkansas	56109
Rowlett, Texas	56242
Arcadia, California	56303
Broomfield, Colorado	55861
Lakeville, Minnesota	56001
Kettering, Ohio	56129
Anderson, Indiana	56082
Taunton, Massachusetts	55826
Decatur, Alabama	55786
Cedar Park, Texas	55117
Woodland, California	55553
Diamond Bar, California	55568
West Haven, Connecticut	55564
Fountain Valley, California	55360
Jupiter, Florida	55312
Bowie, Maryland	55296
Moore, Oklahoma	55082
Chicopee, Massachusetts	55307
Novi, Michigan	55232
Casper, Wyoming	55316
Mount Prospect, Illinois	55037
Carson City, Nevada	55269
Valdosta, Georgia	54764
New Brunswick, New Jersey	54500
Redmond, Washington	54511
Midwest City, Oklahoma	54370
Port Arthur, Texas	54376
Elyria, Ohio	54526
Hanford, California	54436
Corvallis, Oregon	54494
Pocatello, Idaho	54236
Paramount, California	54098
Hempstead, New York	54018
Eastvale, California	53712
Sanford, Florida	53933
Weymouth Town, Massachusetts	53762
Rosemead, California	53771
Auburn, Alabama	53439
Santee, California	53420
Lake Elsinore, California	53313
Margate, Florida	53120
Highland, California	53106
Coconut Creek, Florida	53042
Shoreline, Washington	53031
Delano, California	53044
Wheaton, Illinois	53045
Grand Forks, North Dakota	52920
Kingsport, Tennessee	52997
Noblesville, Indiana	52374
St. Peters, Missouri	52595
Blue Springs, Missouri	52593
Normal, Illinois	52549
Lake Havasu City, Arizona	52531
Manhattan, Kansas	52158
Battle Creek, Michigan	52401
Colton, California	52148
Florissant, Missouri	52260
Sarasota, Florida	52107
Lakewood, Ohio	52131
Pensacola, Florida	52008
Novato, California	51869
Hoffman Estates, Illinois	51891
Oak Park, Illinois	51878
Revere, Massachusetts	51713
Elkhart, Indiana	51908
Brentwood, California	51627
Bellevue, Nebraska	51520
Hendersonville, Tennessee	51333
Yucaipa, California	51347
Cathedral City, California	51230
Euless, Texas	51263
Peabody, Massachusetts	51266
La Crosse, Wisconsin	51343
Saginaw, Michigan	51469
Buckeye, Arizona	50851
South Jordan, Utah	50473
Milford, Connecticut	51261
Watsonville, California	51214
Charleston, West Virginia	51340
Burlington, North Carolina	51079
Greenwood, Indiana	51116
Smyrna, Georgia	51037
Placentia, California	50915
Perth Amboy, New Jersey	50827
Joplin, Missouri	50798
Glendora, California	50267
Albany, Oregon	50142
Stonecrest, Georgia	50207
Troy, New York	50162
Hoboken, New Jersey	50020
Palm Beach Gardens, Florida	49896
Niagara Falls, New York	50031
West New York, New Jersey	49710
Minnetonka, Minnesota	49735
Brookhaven, Georgia	49640
Plainfield, New Jersey	49595
Pinellas Park, Florida	49553
Enid, Oklahoma	49385
Cuyahoga Falls, Ohio	49534
Harrisburg, Pennsylvania	49529
Sheboygan, Wisconsin	49385
DeSoto, Texas	49043
Bradenton, Florida	49273
Wilson, North Carolina	49168
Apple Valley, Minnesota	49092
Huntington, West Virginia	49171
Southaven, Mississippi	48979
Cerritos, California	49043
Gilroy, California	48879
Harrisonburg, Virginia	48900
Casa Grande, Arizona	48564
Pine Bluff, Arkansas	49066
Downers Grove, Illinois	48882
Monroe, Louisiana	48878
Richland, Washington	48491
West Sacramento, California	48744
Grand Island, Nebraska	48655
Euclid, Ohio	48901
Middletown, Ohio	48696
Kentwood, Michigan	48701
Pflugerville, Texas	48370
Palm Desert, California	48449
Castle Rock, Colorado	48251
East Lansing, Michigan	48561
La Mirada, California	48527
Roswell, New Mexico	48417
Logan, Utah	48203
Tigard, Oregon	48205
Lenexa, Kansas	48216
Burien, Washington	48081
Mishawaka, Indiana	48236
Lehi, Utah	47769
Edina, Minnesota	47980
Georgetown, Texas	47483
Alexandria, Louisiana	47918
Cypress, California	47865
Poway, California	47805
Salina, Kansas	47777
Rancho Santa Margarita, California	47855
Aliso Viejo, California	47674
Galveston, Texas	47741
Covina, California	47786
Mansfield, Ohio	47837
Middletown, Connecticut	47648
Newark, Ohio	47558
Chesterfield, Missouri	47483
Methuen Town, Massachusetts	47328
Binghamton, New York	47404
Roseville, Michigan	47324
Mentor, Ohio	47161
East Providence, Rhode Island	47069
Huntersville, North Carolina	46909
Bedford, Texas	46994
Olympia, Washington	46884
Coral Gables, Florida	46746
Murray, Utah	46685
Grapevine, Texas	46336
Caldwell, Idaho	46346
Azusa, California	46574
Dunwoody, Georgia	46427
Wauwatosa, Wisconsin	46425
Portage, Michigan	46304
Cleveland Heights, Ohio	46268
Commerce City, Colorado	45864
Farmington, New Mexico	45954
Lawrence, Indiana	45915
Doral, Florida	45712
Altoona, Pennsylvania	45963
Dublin, California	46036
Ceres, California	45843
Ankeny, Iowa	45608
Hattiesburg, Mississippi	45758
Stillwater, Oklahoma	45721
Collierville, Tennessee	45599
Parker, Colorado	45357
Sierra Vista, Arizona	45276
Texas City, Texas	45084
San Marcos, Texas	45139
St. Louis Park, Minnesota	45205
Beavercreek, Ohio	45198
Jeffersonville, Indiana	45026
San Luis Obispo, California	45121
Barnstable Town, Massachusetts	45188
Cedar Hill, Texas	44998
Palm Springs, California	44555
Glenview, Illinois	44726
Pittsfield, Massachusetts	44743
Strongsville, Ohio	44750
Twin Falls, Idaho	44320
San Jacinto, California	44213
Coeur d'Alene, Idaho	44168
Belleville, Illinois	44301
Biloxi, Mississippi	44250
Elmhurst, Illinois	44136
Columbus, Indiana	44089
DeKalb, Illinois	44123
Bonita Springs, Florida	43930
York, Pennsylvania	43807
Maricopa, Arizona	43488
Titusville, Florida	43618
Attleboro, Massachusetts	43568
Madison, Alabama	43192
Lombard, Illinois	43466
Moline, Illinois	43440
Charlottesville, Virginia	43425
Jefferson City, Missouri	43124
Summerville, South Carolina	42960
Lincoln, California	42926
Hackensack, New Jersey	43024
Leesburg, Virginia	42643
Fond du Lac, Wisconsin	42992
Danville, Virginia	43071
Freeport, New York	42856
Sayreville, New Jersey	42770
Lacey, Washington	42543
Kannapolis, North Carolina	42621
El Centro, California	42588
Bountiful, Utah	42574
Concord, New Hampshire	42686
Newark, California	42573
Blacksburg, Virginia	42525
Fairfield, Ohio	42500
Haltom City, Texas	42370
Burlington, Vermont	42414
Draper, Utah	42272
Apopka, Florida	42194
Lompoc, California	42438
Urbana, Illinois	42136
Hutchinson, Kansas	42180
Fort Pierce, Florida	41942
Bell Gardens, California	42053
West Lafayette, Indiana	41997
Wylie, Texas	41685
State College, Pennsylvania	41980
Danville, California	41865
Littleton, Colorado	41632
Midland, Michigan	41866
Salem, Massachusetts	41312
Rancho Palos Verdes, California	41688
Everett, Massachusetts	41553
Altamonte Springs, Florida	41569
Buffalo Grove, Illinois	41503
Wilkes-Barre, Pennsylvania	41535
Dublin, Ohio	41398
Warren, Ohio	41584
Minot, North Dakota	41093
Oakland Park, Florida	41299
Cleveland, Tennessee	41265
Bartlett, Illinois	41236
Woonsocket, Rhode Island	41199
North Lauderdale, Florida	41089
San Bruno, California	41109
Findlay, Ohio	41186
Westfield, Massachusetts	41090
Meridian, Mississippi	41130
Oro Valley, Arizona	41045
North Miami Beach, Florida	40870
Coachella, California	40708
Rohnert Park, California	40818
Leominster, Massachusetts	40760
Crystal Lake, Illinois	40752
Quincy, Illinois	40709
Kearny, New Jersey	40714
Campbell, California	40580
Linden, New Jersey	40533
Smyrna, Tennessee	40401
Sumter, South Carolina	40520
Norwich, Connecticut	40493
Covington, Kentucky	40506
Cutler Bay, Florida	40289
Fitchburg, Massachusetts	40325
Hickory, North Carolina	40035
Plainfield, Illinois	39884
Bothell, Washington	39851
Holyoke, Massachusetts	39881
Mankato, Minnesota	39847
Streamwood, Illinois	39839
La Puente, California	39832
Keller, Texas	39633
Hagerstown, Maryland	39752
Prescott, Arizona	39770
Edmonds, Washington	39695
Beverly, Massachusetts	39504
Romeoville, Illinois	39652
San Gabriel, California	39644
Shelton, Connecticut	39558
New Berlin, Wisconsin	39591
Carol Stream, Illinois	39541
Florence, Alabama	39560
Moorhead, Minnesota	39437
Bullhead City, Arizona	39541
Atlantic City, New Jersey	39552
Urbandale, Iowa	39461
Brea, California	39195
Ormond Beach, Florida	39429
Cedar Falls, Iowa	39250
Muskogee, Oklahoma	39181
Wausau, Wisconsin	39201
Woburn, Massachusetts	38882
Rock Island, Illinois	38985
Riverton, Utah	38832
Sherman, Texas	38852
Culver City, California	38895
Germantown, Tennessee	38836
Prescott Valley, Arizona	38877
Lancaster, Ohio	38764
Coppell, Texas	38666
Huntsville, Texas	38549
Calexico, California	38573
Duncanville, Texas	38527
Marlborough, Massachusetts	38501
Lima, Ohio	38627
Annapolis, Maryland	38335
Clovis, New Mexico	37794
Muskegon, Michigan	38399
Manassas, Virginia	37799
Peachtree Corners, Georgia	38014
Hanover Park, Illinois	38092
Huber Heights, Ohio	38110
Cape Girardeau, Missouri	37973
Maplewood, Minnesota	38016
Morgan Hill, California	37969
Lincoln Park, Michigan	38085
Apex, North Carolina	37727
St. Cloud, Florida	37787
Rockwall, Texas	37559
Hot Springs, Arkansas	37941
Florence, South Carolina	37905
Bremerton, Washington	37865
Brookfield, Wisconsin	37919
Stanton, California	37827
Carpentersville, Illinois	37669
Wheeling, Illinois	37644
Tupelo, Mississippi	37673
Greenacres, Florida	37592
La Quinta, California	37465
Roy, Utah	37450
Park Ridge, Illinois	37479
Valley Stream, New York	37377
Hurst, Texas	37343
Pacifica, California	37338
Bozeman, Montana	37273
Shakopee, Minnesota	36988
Beaumont, California	36867
Puyallup, Washington	37241
Hilton Head Island, South Carolina	37094
Brentwood, Tennessee	37062
Hallandale Beach, Florida	37113
Calumet City, Illinois	37116
Addison, Illinois	37084
Burleson, Texas	36879
Beloit, Wisconsin	37010
Weslaco, Texas	36756
Gadsden, Alabama	36964
Portage, Indiana	36828
Lake Oswego, Oregon	36758
Longview, Washington	36833
Marion, Ohio	36828
Lancaster, Texas	36664
Greenfield, Wisconsin	36758
Spartanburg, South Carolina	36753
Montclair, California	36645
Richmond, Indiana	36779
Goose Creek, South Carolina	36428
Monrovia, California	36600
Lewiston, Maine	36592
The Colony, Texas	36341
Keizer, Oregon	36434
Westerville, Ohio	36264
Texarkana, Texas	36399
Rome, Georgia	36372
New Albany, Indiana	36374
Torrington, Connecticut	36391
Martinez, California	36032
Los Banos, California	35971
Friendswood, Texas	35909
Del Rio, Texas	35938
Grants Pass, Oregon	35927
Reynoldsburg, Ohio	35921
Ocoee, Florida	35734
Lynnwood, Washington	35857
Apache Junction, Arizona	35709
Dover, Delaware	35802
Northglenn, Colorado	35758
Aventura, Florida	35742
Bentonville, Arkansas	35356
Kearns, Utah	35769
Braintree Town, Massachusetts	35726
Bartlesville, Oklahoma	35734
Grove City, Ohio	35632
Oakley, California	35423
Menomonee Falls, Wisconsin	35625
Temple City, California	35554
Fort Lee, New Jersey	35433
Franklin, Wisconsin	35462
Bell, California	35469
Goldsboro, North Carolina	35425
Leavenworth, Kansas	35245
Chelsea, Massachusetts	35181
Dunedin, Florida	35355
Wildwood, Missouri	35305
Marion, Iowa	35172
University City, Missouri	35292
Spanish Fork, Utah	34763
Lufkin, Texas	35121
Richfield, Minnesota	35094
Manhattan Beach, California	35131
Hollister, California	34805
Winter Garden, Florida	34754
Merrillville, Indiana	34969
Lake Worth, Florida	34894
Claremont, California	34878
Delaware, Ohio	34791
Bay City, Michigan	34929
Plant City, Florida	34732
Stow, Ohio	34837
Marana, Arizona	34556
Columbia, Tennessee	34649
Panama City, Florida	34660
Cottage Grove, Minnesota	34601
Winter Haven, Florida	34624
Moorpark, California	34523
Peachtree City, Georgia	34366
Oak Creek, Wisconsin	34449
San Juan Capistrano, California	34426
Mooresville, North Carolina	34367
Greenville, Mississippi	34403
Norristown, Pennsylvania	34339
West Hollywood, California	34351
Glendale Heights, Illinois	34296
Royal Palm Beach, Florida	34196
Brunswick, Ohio	34288
San Juan, Texas	33969
Prattville, Alabama	34041
Hobbs, New Mexico	34167
Gainesville, Georgia	34035
Inver Grove Heights, Minnesota	33986
Pekin, Illinois	34018
Beverly Hills, California	33921
Chester, Pennsylvania	33901
La Porte, Texas	33806
Indian Trail, North Carolina	33619
Vestavia Hills, Alabama	33766
Pleasant Grove, Utah	33550
Rome, New York	33715
Roseville, Minnesota	33661
Upper Arlington, Ohio	33666
Manitowoc, Wisconsin	33741
Brighton, Colorado	33540
Houma, Louisiana	33664
East Point, Georgia	33452
Olive Branch, Mississippi	33487
Cottonwood Heights, Utah	33586
Oviedo, Florida	33471
Butte-Silver Bow, Montana	33505
Salisbury, North Carolina	33525
Jackson, Michigan	33477
Tucker, Georgia	33380
Elk Grove Village, Illinois	33383
Long Beach, New York	33333
San Dimas, California	33375
Dana Point, California	33290
Winter Springs, Florida	33306
Bettendorf, Iowa	33205
Gahanna, Ohio	33230
Northbrook, Illinois	33200
Fairborn, Ohio	33028
Phenix City, Alabama	32862
Pleasant Hill, California	33076
Dalton, Georgia	33090
Holland, Michigan	33101
Seaside, California	33025
Newnan, Georgia	32905
Danville, Illinois	33033
Milton, Georgia	32837
Bangor, Maine	33031
Woodridge, Illinois	32976
Monroe, North Carolina	32912
Hinesville, Georgia	33347
Nacogdoches, Texas	32854
Wenatchee, Washington	32784
Lauderdale Lakes, Florida	32784
Lawndale, California	32769
Oregon City, Oregon	32623
La Vergne, Tennessee	32597
Westlake, Ohio	32729
North Olmsted, Ohio	32709
North Chicago, Illinois	32594
Riviera Beach, Florida	32540
Goshen, Indiana	32572
Walla Walla, Washington	32445
Petersburg, Virginia	32441
Randolph Town, Massachusetts	32100
Fair Lawn, New Jersey	32385
Wildomar, California	32210
Eastpointe, Michigan	32403
Copperas Cove, Texas	32247
St. Charles, Illinois	32301
Bethel Park, Pennsylvania	32294
Massillon, Ohio	32318
McMinnville, Oregon	32182
Galesburg, Illinois	32195
Schertz, Texas	31824
Socorro, Texas	32048
Deer Park, Texas	32010
Watertown Town, Massachusetts	31986
Menlo Park, California	32019
Hopkinsville, Kentucky	31988
Leawood, Kansas	31888
Lewiston, Idaho	31891
Naugatuck, Connecticut	31872
Franklin Town, Massachusetts	31633
El Mirage, Arizona	31797
Valparaiso, Indiana	31743
Fairbanks, Alaska	31556
Mount Vernon, Washington	31724
Tooele, Utah	31603
Richmond, Kentucky	31321
Adelanto, California	31760
North Tonawanda, New York	31574
Gillette, Wyoming	31401
Newark, Delaware	31467
Spring Valley, New York	31298
Rosenberg, Texas	31248
Juneau, Alaska	31276
Michigan City, Indiana	31401
Parkersburg, West Virginia	31287
Gurnee, Illinois	31238
Alabaster, Alabama	31112
Cookeville, Tennessee	31122
West Bend, Wisconsin	31186
University Place, Washington	31133
La Verne, California	31096
Jamestown, New York	31161
Mundelein, Illinois	30986
Kearney, Nebraska	30952
Laramie, Wyoming	30816
Benton, Arkansas	30766
Mason, Ohio	30848
Long Branch, New Jersey	30717
Poughkeepsie, New York	30812
Laguna Hills, California	30673
Alamogordo, New Mexico	30409
Kennesaw, Georgia	30603
Oswego, Illinois	30452
Andover, Minnesota	30588
New Iberia, Louisiana	30617
Foster City, California	30568
Issaquah, Washington	30440
Garfield, New Jersey	30494
Gallatin, Tennessee	30352
Bowling Green, Ohio	30056
Douglasville, Georgia	30404
College Park, Maryland	30397
North Royalton, Ohio	30452
Ballwin, Missouri	30417
Wake Forest, North Carolina	30135
Chicago Heights, Illinois	30367
Salisbury, Maryland	30264
Englewood, Colorado	30258
Westfield, New Jersey	30300
Westfield, Indiana	30133
Brooklyn Center, Minnesota	30180
Wheat Ridge, Colorado	30176
Goleta, California	30096
Holladay, Utah	30127
Port Huron, Michigan	30199
Algonquin, Illinois	30065
Owasso, Oklahoma	29884
Saratoga, California	29995
Clearfield, Utah	29929
Ithaca, New York	30013
Dover, New Hampshire	29986
Southgate, Michigan	30047
Texarkana, Arkansas	29903
Shawnee, Oklahoma	29825
Burton, Michigan	29999
Marion, Indiana	29918
Niles, Illinois	29825
Pullman, Washington	29820
Dania Beach, Florida	29738
Los Gatos, California	29715
Granite City, Illinois	29798
Springville, Utah	29559
El Paso de Robles (Paso Robles), California	29747
Highland Park, Illinois	29745
Rochester, New Hampshire	29787
Des Moines, Washington	29654
Banning, California	29592
Waxahachie, Texas	29538
Madison Heights, Michigan	29694
East Chicago, Indiana	29698
Sherwood, Arkansas	29619
Florence, Kentucky	29531
Aiken, South Carolina	29594
Cleburne, Texas	29639
Sun Prairie, Wisconsin	29540
Raytown, Missouri	29611
North Ridgeville, Ohio	29466
New Bern, North Carolina	29344
Miami Lakes, Florida	29373
San Pablo, California	29512
Oak Park, Michigan	29408
LaGrange, Georgia	29338
Wentzville, Missouri	29144
Williamsport, Pennsylvania	29374
Santa Paula, California	29267
Liberty, Missouri	29244
Oak Ridge, Tennessee	29328
Hobart, Indiana	29336
Spring Hill, Tennessee	29106
Elmira, New York	29242
Walnut, California	29177
Georgetown, Kentucky	29138
Schererville, Indiana	29217
Farmers Branch, Texas	29141
Los Altos, California	29024
Port Chester, New York	28973
Morristown, Tennessee	29008
Lake in the Hills, Illinois	28948
Henderson, Kentucky	28924
Burbank, Illinois	28925
Cedar City, Utah	28867
Newburgh, New York	28903
Helena, Montana	28809
Kent, Ohio	28906
Clermont, Florida	28823
Gloucester, Massachusetts	28789
Burlingame, California	28806
Garfield Heights, Ohio	28849
O'Fallon, Illinois	28759
Kyle, Texas	28247
Northampton, Massachusetts	28560
Morgantown, West Virginia	28470
Cooper City, Florida	28537
Princeton, New Jersey	28584
Millville, New Jersey	28417
Statesboro, Georgia	28365
Agawam Town, Massachusetts	28438
Elizabethtown, Kentucky	28055
Atascadero, California	28306
San Carlos, California	28379
San Luis, Arizona	27909
Shaker Heights, Ohio	28466
Jacksonville, Arkansas	28354
Wheeling, West Virginia	28358
Russellville, Arkansas	28106
Lansing, Illinois	28353
West Springfield Town, Massachusetts	28391
Monroeville, Pennsylvania	28345
Hilliard, Ohio	28234
Midvale, Utah	27998
Lake Stevens, Washington	28108
Atwater, California	28215
Sanford, North Carolina	28217
East Palo Alto, California	28155
Middletown, New York	28121
Allen Park, Michigan	28212
Kingman, Arizona	28076
Round Lake Beach, Illinois	28093
Suisun City, California	28059
Nicholasville, Kentucky	28021
Estero, Florida	27991
Mason City, Iowa	28072
Oak Forest, Illinois	27966
Post Falls, Idaho	27787
Monterey, California	27691
Crown Point, Indiana	27870
Alton, Illinois	27932
Jeffersontown, Kentucky	27813
Glen Ellyn, Illinois	27773
Winter Park, Florida	27715
Plainfield, Indiana	27700
Leander, Texas	27288
Kaysville, Utah	27570
Ridgecrest, California	27616
Auburn, New York	27690
Bessemer, Alabama	27667
New London, Connecticut	27620
Marshalltown, Iowa	27557
Winona, Minnesota	27610
Garden City, Michigan	27636
Kirkwood, Missouri	27567
Kankakee, Illinois	27540
Harrison, New York	27458
Maryville, Tennessee	27453
Maryland Heights, Missouri	27471
Dodge City, Kansas	27326
Oakdale, Minnesota	27364
Maywood, California	27382
Rahway, New Jersey	27324
Frankfort, Kentucky	27269
Slidell, Louisiana	27265
Matthews, North Carolina	27189
Lawrenceville, Georgia	27219
Lindenhurst, New York	27269
Big Spring, Texas	27282
Central, Louisiana	27211
West Chicago, Illinois	27221
Fridley, Minnesota	27222
Norco, California	27212
Eureka, California	27196
Superior, Wisconsin	27233
Desert Hot Springs, California	27054
Englewood, New Jersey	27116
Plum, Pennsylvania	27108
Myrtle Beach, South Carolina	27041
Wilmette, Illinois	27060
Benicia, California	27035
McHenry, Illinois	27039
Queen Creek, Arizona	26736
Melrose, Massachusetts	26967
Savage, Minnesota	26911
SeaTac, Washington	26903
Glen Cove, New York	26952
Harker Heights, Texas	26727
East St. Louis, Illinois	26935
Watertown, New York	26822
DeLand, Florida	26852
Chamblee, Georgia	26846
Bergenfield, New Jersey	26839
Clinton, Iowa	26878
Garden City, Kansas	26727
Lake Jackson, Texas	26833
Windsor, California	26791
Easton, Pennsylvania	26814
Thomasville, North Carolina	26804
Bristol, Tennessee	26767
Eagle Pass, Texas	26606
Duluth, Georgia	26663
Bridgewater Town, Massachusetts	26569
Stevens Point, Wisconsin	26711
Enterprise, Alabama	26534
Mount Pleasant, Wisconsin	26697
American Fork, Utah	26547
Southlake, Texas	26573
Medina, Ohio	26663
Saratoga Springs, New York	26568
Stockbridge, Georgia	26431
Bella Vista, Arkansas	26510
Magna, Utah	26513
Opelika, Alabama	26491
Barberton, Ohio	26548
Carbondale, Illinois	26414
Anderson, South Carolina	26436
Kingsville, Texas	26450
Paragould, Arkansas	26319
Fremont, Nebraska	26413
Imperial Beach, California	26329
Paramus, New Jersey	26342
Lebanon, Tennessee	26187
Carlsbad, New Mexico	26251
Sahuarita, Arizona	26000
Batavia, Illinois	26238
West Memphis, Arkansas	26245
Aberdeen, South Dakota	26112
Redmond, Oregon	26206
Paradise, California	26219
Little Elm, Texas	25892
Florence, Arizona	25452
Tualatin, Oregon	26114
Winchester, Virginia	26223
Wooster, Ohio	26177
Horn Lake, Mississippi	26068
Fountain, Colorado	25905
Soledad, California	25738
Casselberry, Florida	26032
Mount Pleasant, Michigan	26032
Greer, South Carolina	25879
West Fargo, North Dakota	25845
Weatherford, Texas	25743
Garner, North Carolina	25769
Sandusky, Ohio	25919
Belmont, California	25833
Wyandotte, Michigan	25883
Pearl, Mississippi	25688
Green, Ohio	25741
Hazelwood, Missouri	25726
Seguin, Texas	25600
Wasco, California	25549
Xenia, Ohio	25643
Collinsville, Illinois	25654
Greenville, Texas	25529
Belvidere, Illinois	25652
South Pasadena, California	25605
Freeport, Illinois	25634
Owatonna, Minnesota	25622
Burlington, Iowa	25611
Rexburg, Idaho	25490
Neenah, Wisconsin	25509
Gladstone, Missouri	25439
Lebanon, Pennsylvania	25492
Asheboro, North Carolina	25408
Melrose Park, Illinois	25414
Hazleton, Pennsylvania	25425
Lemon Grove, California	25318
Zanesville, Ohio	25316
Bridgeton, New Jersey	25404
Ponca City, Oklahoma	25387
Inkster, Michigan	25366
Clinton, Mississippi	25226
Harvey, Illinois	25265
Paris, Texas	25263
Fitchburg, Wisconsin	25161
Columbus, Mississippi	25183
Hastings, Nebraska	25234
Troy, Ohio	25179
Riverside, Ohio	25175
West Linn, Oregon	25118
Homewood, Alabama	25143
Fort Dodge, Iowa	25205
Twentynine Palms, California	25048
Shoreview, Minnesota	25043
Ottumwa, Iowa	25021
Ossining, New York	25050
Vernon Hills, Illinois	25005
Paducah, Kentucky	25027
South Portland, Maine	25022
